tile_id,worldpop_population,ghsl_population_2025
0,1815.565024614334,3427.0037803780288
1,23298.140566259623,20572.60768828215
2,300.04778703674674,236.9005603529513
3,1611.9651648551226,1883.6680289818905
4,1443.2634811103344,1983.930205134675
5,677.8708517849445,913.7641787026078
6,606.6586931347847,745.732728049159
7,2512.735597372055,3821.319795113057
8,3733.030120372772,3982.641189044807
9,354.8875709325075,277.8497037049383
10,962.1113480441272,415.38533356785774
11,675.7142951339483,1057.411721251905
12,862.6409446895123,991.1387863056734
13,13958.590513467789,16400.342154896818
14,1902.912555737421,2905.772277420154
15,349.5346900159493,157.52816876815632
16,25308.72225177288,40837.01428252645
17,13240.377369105816,20415.525540445
18,1540.472986370325,1342.6499505583197
19,375.40233628079295,386.5867112185806
20,866.7096450179815,1114.3530750852078
21,1190.4723974689841,1288.8551355171949
22,454.8885941840708,536.0307192336768
23,531.8534039743245,558.125430027023
24,616.4876760207117,375.4674715101719
25,347.5488816536963,113.50958098471165
26,618.8399302996695,302.51490150764585
27,395.046485228464,1353.1831567138433
28,697.890602402389,440.5028957966715
29,1705.7865939289331,1709.275456275791
30,2380.076276779175,1338.5337616428733
31,912.929427318275,1479.1520686987787
32,421.327147744596,457.7199203670025
33,1226.7922961488366,615.4725144393742
34,1440.4075138866901,1469.7241218397394
35,593.2349389828742,1003.1384994201362
36,3022.2859198749065,4449.353091565892
37,2564.6508428305387,3521.0337467836216
38,1267.0065233632922,1019.9569033253938
39,255.47448462061584,683.8006343878806
40,1994.209236741066,1923.3234357619658
41,1151.487713251263,1510.8249665088952
42,1808.6755594797432,1266.1526020113379
43,542.8073258921504,616.0636535957456
44,1478.7930767685175,1125.6586499027908
45,9750.453832954168,15414.02834908478
46,3412.2062029093504,7150.393150430173
47,1917.4221656918526,1351.1492531280965
48,3893.055802322924,6586.582689486444
49,6352.393694639206,7812.134037062526
50,2031.0697287097573,2682.711686912924
51,171.91271229833364,306.048916278407
52,860.2998058646917,1318.5801253784448
53,433.2665413804352,404.48111927881837
54,477.42275186255574,1203.5586352329701
55,358.00254336744547,762.5391890062019
56,255.68041666969657,321.1821205271408
57,565.3312008716166,576.6401291880757
58,696.6684305928648,873.8345746733248
59,569.0943116694689,291.13376617990434
60,2937.017439458519,2846.96685332153
61,337.85645166039467,508.0293388534337
62,11615.037575513124,19029.70115244249
63,4372.471192177385,3535.5393278733827
64,37666.63587793708,44875.93572545843
65,2914.170839563012,3058.150133719435
66,810.5247104279697,677.6951054884121
67,3511.596015781164,4033.6098858122714
68,14811.564405202866,15020.459459353238
69,5674.265780210495,6496.91570977401
70,12556.91285699606,16771.88412278425
71,1380.8065117299557,1652.3718579020351
72,3128.9225583672523,2726.079613443464
73,1134.5252379626036,1503.9410805739462
74,1065.2603123635054,977.0340403355658
75,493.013591311872,685.2000012230128
76,448.0634049028158,292.60131012275815
77,3534.0919687747955,1393.778700937517
78,1169.0032380521297,2364.6854225955904
79,755.6013353988528,1316.3264280073345
80,22279.643479943275,34704.87365983194
81,891.4485679268837,978.9120908239856
82,1019.5109249912202,1089.3721577115357
83,1691.1646530404687,3324.2694174116477
84,952.4293668493629,1474.9507412631065
85,4965.124279752374,7490.032902493142
86,517.4746373519301,236.7532083299011
87,3377.88908854872,4409.558721146546
88,361.87305778451264,544.8570658219978
89,683.1428532972932,592.9545067511499
90,242.0783401671797,299.20094111934304
91,337.597571272403,102.28720286861062
92,753.9722459241748,649.5378608554602
93,876.5567610040307,1248.1954998709261
94,554.9579938016832,723.6985805751756
95,1813.2719244584441,2518.98710166011
96,2366.9630656838417,2852.900933695957
97,559.7618363499641,945.2085295589641
98,493.0302672125399,708.6224082261324
99,1663.570855151862,2704.6997477877885
100,482.412430241704,316.2437599468976
101,1267.5467742606997,1195.693689899519
102,1729.3543790131807,1666.8200415307656
103,114123.05019140244,143557.3936050171
104,260.4575124755502,199.9117256673053
105,327.2854533549398,614.5009465515614
106,346.5197176784277,304.84919884987175
107,199.62133587151766,55.740221889689565
108,753.5858238488436,741.057081842795
109,876.7736952416599,419.7417886406183
110,4365.990206740797,5335.126867966726
111,3520.5724873393774,5940.412375684828
112,3098.239738482982,4426.63635408273
113,1682.3872380889952,2107.855186091736
114,1013.4745448306203,1597.0474553462118
115,1473.3417812623084,1592.2111802417785
116,682.1651801019907,1962.8388189701363
117,313.90800596028566,630.3521135048941
118,1032.4118689894676,1402.375487783458
119,96967.64827108383,122954.73633615905
120,416.45522637851536,288.47841629525647
121,887.1546349897981,980.9073883146048
122,1202.6954453643411,885.8059912137687
123,36606.2615839839,48186.13965619169
124,3992.8168027698994,2330.9416512185708
125,168949.1682691574,222707.5227373112
126,2199.371253579855,2655.3164945961908
127,1135.0345113128424,1326.2988835107535
128,1145.929250098765,1502.182806272991
129,33143.52883756161,41760.47204953525
130,4412.830815419555,1718.0096696233377
131,403.53676625341177,196.18145290855318
132,109.77399357408285,27.22453997284174
133,29606.96651393175,53649.83996959496
134,396.64856079779565,258.35267170425504
135,1046.265787385404,717.1133142113686
136,491.42045547254384,651.8338286783546
137,180.89319356903434,121.08886027429253
138,6849.992289237678,7232.907681136392
139,173.69361799955368,827.4853280577809
140,1068.2727210596204,984.3364022159949
141,4932.772194974124,6109.668099886738
142,483.82524349913,698.8937170878053
143,419.0156652443111,822.0880363346078
144,2565.7599240392447,3351.131033300422
145,3506.0863305330276,4271.191562308464
146,495.4133604578674,742.0742323696613
147,452.21905042789876,663.1488755093887
148,1981.0421682745218,2670.9788892408833
149,908.7088898569345,1066.6443029311486
150,19191.55443906784,18929.660921242088
151,268.68676396273077,367.21779310982674
152,3689.065899439156,4457.2472931747325
153,882.5477492511272,1145.0075362930074
154,943.1467689648271,1069.787296952214
155,1578.042721427977,2158.774849783629
156,3284.9165622740984,1308.7134922593832
157,273.41551004722714,665.7986251586117
158,474.13310147449374,848.3234236128628
159,2648.7260338515043,1871.368884420488
160,3794.4023394957185,3747.708831753116
161,760.5098645761609,1289.6707332385704
162,242.92321273311973,218.0317809395492
163,23063.578737407923,30130.200008717366
164,606.8350461479276,1095.5215508244
165,525.3545645214617,374.8458634451963
166,320.9664739333093,291.5910599748604
167,3092.2315977811813,3364.793588405475
168,1937.8644123226404,2496.161322562024
169,2070.81632424891,1483.9347948571667
170,654.0276628322899,515.2248575934209
171,736.9756247550249,195.48270724061877
172,21778.48885023594,30097.180964767
173,1056.3641126453876,1143.951138569042
174,1432.9983302354813,1449.413591501303
175,977.483625203371,1089.171475236304
176,4070.1502199321985,5563.1871829023585
177,8845.894313693047,9070.389040628448
178,10513.245909139514,17279.161848416552
179,4459.176382884383,7044.962348619476
180,52318.67720031738,114790.72975469241
181,6627.523667275906,16334.543802979402
182,1022.4135579913855,1765.5729802288115
183,26863.711573660374,43145.59235229995
184,1207.3689202442765,854.5806970684789
185,64000.05742561817,106860.18812310416
186,5291.8891071379185,5060.120100254193
187,10657.822384655476,12981.080394483637
188,7942.064150601625,8871.095789728686
189,1920.3650553151965,2075.161514717154
190,2505.436985000968,1972.9533965587616
191,2446.4774383604527,2572.877221023664
192,2327.5823973715305,2072.2881520977244
193,1934.1111952513456,1805.338046693243
194,3979.4350432157516,3072.3673800164834
195,3654.64427575469,3888.7936884127557
196,4892.384133279324,6607.651728704572
197,3073.490863889456,2521.884678034112
198,655.5616009365767,1069.4535102080554
199,1596.036534421146,1273.1796394791454
200,143.84016430936754,130.47265157103539
201,7104.27132755518,14897.874237533659
202,2207.2095075547695,2776.3948452780023
203,859.4750416129827,335.89116585440934
204,1039.1577518507838,983.3936940096319
205,4246.339586079121,5328.12403542269
206,442.3954471312463,157.68838802259415
207,139.19889649003744,129.7914941869676
208,1018.2456132024527,649.7086770227179
209,23775.785799384117,32220.258168047294
210,1646.799375206232,1834.3742517828941
211,133.88054657168686,844.0459810402244
212,10805.300197526813,16830.87004591897
213,3960.1382294744253,3657.6765748923644
214,430.7585007958114,210.4168663341552
215,3447.670182913542,3462.2219804758206
216,656.7283903211355,446.329537701793
217,2304.030996710062,2442.9994633561
218,36.96652808226645,31.418648244813085
219,15316.684455275536,24048.501191930845
220,266.2593637481332,131.52952050231397
221,510.177509739995,405.9155010180548
222,409.2777185626328,589.6080521605909
223,986.2820664644241,1893.9253491563722
224,1521.819753602147,1059.4872507154942
225,1065.5736458562315,1040.737525055185
226,289.99248822778463,281.54575512744486
227,454.9033676534891,368.42586534749717
228,1439.8790539354086,1306.6870711157098
229,512.7613075301051,466.77214885503054
230,1742.9592238664627,1290.467288263142
231,9082.959641098976,15099.919095292687
232,6935.948370590806,8452.10490598157
233,1334.0669567510486,1650.9033222105354
234,3890.8250031247735,3891.146649011411
235,683.6766782440245,667.1662778351456
236,1590.4444909840822,1215.5681945979595
237,1483.808793693781,1003.1657975204289
238,2505.9192512333393,2377.706511700526
239,662.129379235208,1163.4152290299535
240,1588.5708981603384,1218.758843837306
241,2362.024375975132,3677.4288393445313
242,5249.655642926693,11853.263634065166
243,3235.9854123666883,5467.833375163376
244,2032.6953312903643,2107.506890804507
245,3628.1428246982396,3944.2244262304157
246,1174.0718716830015,2302.1659217905253
247,253.19505429267883,143.71450644172728
248,462.75722297653556,357.54670222103596
249,372.2389545328915,900.4048607386649
250,1741.8216948062181,1732.0999640747905
251,644.3298822268844,518.1731549650431
252,1057.8660061433911,784.8934766780585
253,689.1905804462731,1008.6199282389134
254,1127.3172787427902,1225.784357340075
255,997.9241526275873,1255.3932842230424
256,414.03796814754605,360.27933858241886
257,521.6024897918105,774.8578067775816
258,119.8755625039339,233.26483047567308
259,20753.996934756637,21996.678526301403
260,35169.534667134285,48342.45867107855
261,3961.6102790385485,6465.869265206158
262,694.6978806592524,829.1964836549014
263,123.07093372382224,241.14110787026584
264,6056.919352591038,8902.00233716704
265,1251.4228397458792,1220.1772445617244
266,2740.5358284413815,2996.1497208531946
267,5557.885008826852,8024.850095525384
268,187.76141341775656,889.4130059573799
269,2346.053460739553,2104.9773115683347
270,3337.0201372802258,2323.3182339612395
271,2606.931399911642,2119.7608179356903
272,943.6962449587882,1990.8260106472299
273,510.1856868378818,474.6826778277755
274,408.9282329380512,671.7087003332563
275,80.4949346985668,335.963044160977
276,567.9597479104996,912.3240449428558
277,946.5364986658096,1351.9252695897594
278,371.1950765103102,222.14530534250662
279,513.4897613450885,819.9249956998974
280,2761.4820060133934,3813.4390734890476
281,368.92571124807,432.3196977712214
282,715.1594154685736,1333.143494632095
283,6764.098786041141,10446.291379621252
284,312.6703878119588,959.6606344468892
285,840.8975147157907,982.321722637862
286,958.9941465258598,739.0689922734164
287,48.08291858807206,60.03432703949511
288,787.0401802659035,1046.5119161466137
289,1075.6673525087535,1038.9330805316567
290,7134.552376221865,9127.975485575385
291,833.8258460648358,1211.4231951981783
292,402.8688075710088,641.8692414630204
293,192.42858745716512,216.91633073147386
294,700.05329092592,613.3263792800717
295,972.140448641032,1089.7342514418997
296,1110.0733515433967,1415.1440063063055
297,1276.4579130262136,1032.4137610998005
298,639.67505261302,881.9564366461709
299,469.3299220614135,526.055240882095
300,151.10315484553576,265.57505708374083
301,721.598653556779,629.720992628485
302,166.78551440685987,46.4091390282847
303,298.2665343694389,287.9316420839168
304,582.6589958705008,420.29733502306044
305,1705.1150578558445,2298.7043208270334
306,133.20370215177536,389.4827046096325
307,853.9762687534094,988.2488963445649
308,471.5281370691955,810.5749372541904
309,2023.5821229368448,2321.0442520030774
310,17473.923969864845,22236.576046598144
311,8705.830427840352,8860.796151428483
312,95232.13035082817,116594.55892458232
313,11298.352736234665,12827.236948736012
314,9330.661727845669,8905.658896118402
315,1021.0675951689482,737.0083461776376
316,1412.0855509787798,853.7923653814942
317,799.6394891887903,681.063610942103
318,2295.2591872811317,4249.723622519523
319,2992.36275061965,1702.5749592622742
320,370.24835547059774,612.4744020495564
321,721.1369431354105,1325.055276216939
322,655.7930576466024,728.4639290054329
323,10730.903780154884,16970.530267794617
324,332.975770406425,368.7403301233426
325,992.7717315256596,1140.6823750985786
326,885.337513834238,1874.558032386005
327,415.6160728260875,649.0151319298893
328,611.3625089228153,921.3145271707326
329,273.8001439124346,303.59160398878157
330,467.794565949589,770.2447303626686
331,348.15316911786795,363.6995887309313
332,543.6965240426362,476.10399772040546
333,1618.0623106062412,1951.9317333996296
334,2461.233724936843,2463.350938303396
335,7154.430906653404,4772.792408789508
336,2007.4034031182528,2818.4261263068765
337,880.8612458445132,745.545674469322
338,5125.797576278448,6933.42663918063
339,19383.551097035408,27624.892480629496
340,597.3409564755857,830.4099602252245
341,476.86660090461373,427.2277740845457
342,391.4870916195214,1563.9713936764747
343,351.0262239985168,479.08131634630263
344,665.7342978864908,1111.4326289510354
345,257.3757590316236,391.8054232522845
346,1677.6927889361978,819.8600161764771
347,616.8802921287715,747.5150947030634
348,302.9295546133071,264.8077485989779
349,460.5065132342279,591.4382379576564
350,1222.6328985616565,2525.8892891639844
351,212.54841494746506,156.15271905297413
352,1257.116909891367,2065.7021439876407
353,2517.5146026313305,3707.812576396391
354,907.3594933524728,2629.7544115185738
355,582.3257826603949,588.5184493288398
356,892.9803991653025,181.42922111041844
357,2530.996106132865,2556.061351594515
358,5098.894479751587,3709.9951967503875
359,1124.6244446858764,1359.612683271058
360,385.6429989375174,402.26461817743257
361,521.7048713229597,559.5365602178499
362,1453.6459888219833,1171.135587323457
363,742.704203389585,966.0960895647295
364,644.3131585121155,584.1400692630559
365,612.8836538419127,930.9179658256471
366,206.690468929708,425.706446249038
367,522.8493426404893,404.81091636791825
368,343.2193755172193,516.085993620567
369,619.9580481275916,629.1463131122291
370,2546.824512474239,4167.245053354651
371,859.1382161974907,1465.0532265519723
372,10538.808958604932,15431.130504716188
373,1115.1546580903232,1450.2782454648986
374,866.7198506239802,1558.3659369098023
375,220.43678804673254,226.6021676408127
376,200.3593372683972,418.3252472905442
377,3510.7400739192963,3884.988959280774
378,18004.28238415718,20480.832231222652
379,4880.615010030568,4955.188697242644
380,3256.5203984230757,5776.491514192894
381,2077.924849458039,3407.2676436565816
382,2778.5953271985054,4377.722353784367
383,728.781439948827,497.5272438265383
384,3494.722431562841,5308.639658518136
385,2435.4899675399065,2787.0179046671838
386,472.4083211235702,1196.127609912306
387,1500.3626444116235,101.23654393758625
388,217.56612908653915,259.8079853542149
389,2822.3380720317364,3339.791361929849
390,4967.251603126526,7015.658432239667
391,7585.322658568621,9006.99995341152
392,5280.825782164931,8759.401261337101
393,259.5738786570728,287.85643313545734
394,202.66783963516355,359.9703828319907
395,1783.0039506554604,2581.4020624523982
396,232.72595088928938,318.11397331394255
397,162.92937555909157,103.60099009983242
398,615.10471454449,1132.9434127155691
399,2233.5272002629936,710.6945519279689
400,833.4585409201682,832.3959260806441
401,1724.2858935147524,1474.3312823008746
402,402.3906902112067,517.9119685934857
403,1656.8552580624819,2169.1038468787447
404,1500.626815199852,872.768533822149
405,3242.0775147378445,3446.770529601723
406,1819.666634991765,1702.1532666860148
407,5228.145558089018,5454.072713466361
408,2764.398733019829,2068.52476158645
409,1032.7919073402882,299.9299314459786
410,604.1549793817103,630.7092789206654
411,953.4132699221373,876.82558946684
412,1590.1297743618488,1802.4638743642718
413,349.63387340307236,366.9914215132594
414,1073.4168030284345,1353.7415381958708
415,257.6688742619008,346.26049849390984
416,433.24680976197124,807.6804426847957
417,129357.28048992157,176409.7553322604
418,1408.26104580611,605.7811615187675
419,1691.28802575171,2445.1019327854738
420,3257.823174059391,3786.3738965680823
421,611.4651787355542,288.07820597384125
422,502.9949046969414,259.6584194712341
423,451.1154625080526,502.7090545333922
424,523.7850874233991,28.48025580472313
425,286.91503240168095,96.71072078403085
426,122.7045329529792,210.34978432022035
427,222.3932460322976,309.93488272838295
428,1468.3915329128504,1466.4289990160614
429,5574.052647054195,5690.762889380567
430,705.9337522014976,560.9715385446325
431,748.5425305850804,862.5482818651944
432,1865.397257000208,2183.9409081712365
433,20.946396354585886,11.673072456382215
434,1029.5555283538997,744.6315700863488
435,118.4396167062223,10.056742787361145
436,468.30143926665187,400.7251348141581
437,553.0851000286639,201.38141273334622
438,3342.228673219681,3657.7617657482624
439,443.6460973210633,589.8028307957575
440,1949.3984970152378,1865.3836387936026
441,5648.56073948741,8734.814435164444
442,6408.699833273888,9250.971122543328
443,9718.744080588222,13533.534584606066
444,270.7874138318002,460.46096843574196
445,229.55642763897777,470.5948485089466
446,1290.9366011321545,1629.3881192198023
447,2623.159482333809,2726.871435239911
448,319.2873109318316,428.42341740243137
449,515.1301347352564,633.1005327962339
450,156.58666584268212,236.95355758816004
451,172.709623914212,152.13910234346986
452,356.41344540193677,432.67274639196694
453,4623.88905563578,2491.6429924499243
454,328.35946084186435,288.0957770328969
455,1273.8395519256592,1374.361932689324
456,870.7996782269329,865.7989872787148
457,1733.9599596112967,1964.2744475081563
458,1026.6995941624045,561.5008930712938
459,176.90309820324183,306.59573667123914
460,1521.8503693975508,2076.4351365631446
461,71.48506903275847,241.66772011574358
462,1355.8449758216739,3135.5364775806665
463,182.16100183688104,85.26301661506295
464,485.82249779626727,609.8705222038552
465,312.80836577899754,636.2503121630289
466,88.62328206002712,50.18001972511411
467,752.2421071603894,700.8768170336261
468,63.66428104415536,26.364247241988778
469,768.2184974737465,1207.1749745365232
470,248.98775014281273,95.93165505491197
471,1284.2198619097471,1963.5232704477385
472,350.17874651774764,372.6350305378437
473,158229.40048718452,233389.51575762406
474,5851.9810603782535,7803.969806530513
475,972.5004094615579,674.0703511219472
476,1141.8922229632735,1520.8056681696326
477,579.5775234028697,504.9508474562317
478,1745.0871873646975,1320.8685351377353
479,2774.6400604471564,4033.456746917218
480,340.09910382982343,220.9360172394663
481,767.381638944149,759.1670799851418
482,142.23309796955436,272.0412464234978
483,1219.7574660480022,1137.986639842391
484,664.2326914519072,1136.0551487477496
485,427.0664709471166,835.8356895148754
486,615.4877214357257,457.9501910414547
487,1219.376139640808,1144.023487843573
488,1249.8631470799446,2317.8741119857877
489,2449.137935400009,2936.3376805968583
490,12785.748767226934,21252.73396144621
491,2900.8896961584687,2932.188950836193
492,4544.263873636723,6026.015448927879
493,2548.082600366324,2568.8193506579846
494,1531.5246953219175,1781.626735482365
495,1759.2626768127084,2016.2193847363815
496,4701.925461761653,6128.0939935818315
497,2257.6320322155952,3462.007717870176
498,680.6702258959413,773.3442876022309
499,1102.1930818781257,1766.9392704963684
500,39.65993423759937,39.638667188584805
501,1165.9621171988547,1576.8429662054405
502,245.95806315168738,99.72662571631372
503,2988.4744689762592,4448.968377747573
504,365.06012430693954,288.221712525934
505,936.8801544383168,985.5930257178843
506,517.291266694665,681.9877092838287
507,2021.869653582573,2278.643707432784
508,19395.283388912678,21141.076313139405
509,1290.612493686378,2009.8915441436693
510,88.16991047747433,18.309045583941042
511,333.2757092602551,11.128961872309446
512,420.15424562059343,487.3672263082117
513,509.780785497278,791.1299340482801
514,168.07904772274196,685.5261451601982
515,225.0647627711296,115.04103696811944
516,129.75722899846733,296.3624341376126
517,670.3404089137912,1084.4831094443798
518,296.6097520403564,311.400851059705
519,496.31991693004966,376.94652739726007
520,1286.0165953151882,1831.0402766587213
521,1660.3422691375017,1518.3499922631308
522,186.53066136687994,326.1152118872851
523,1339.793756738305,2197.5925427842885
524,19993.371602877975,23423.074101100676
525,548.6028518490493,574.7639293689281
526,465.4562708772719,572.1545689851046
527,501.9451526850462,838.0569435851648
528,442.67712308466434,713.503273062408
529,998.7689481377602,964.3291134634055
530,599.7914383411407,838.9096332611516
531,556.7747888565063,631.3918206375092
532,396.1946419738233,421.4715758487582
533,205.56880917400122,133.5646069678478
534,1475.5349870994687,1479.4523030351847
535,319.087024429813,430.3807886885479
536,233.43120020627975,96.79222374223173
537,847.614930074662,666.0305733671412
538,152.30372862890363,51.98419865593314
539,470.6161626279354,776.3430988974869
540,1101.4073310866952,986.6612737588584
541,364.24421263858676,302.86460310965776
542,66.82796274870634,215.34193953871727
543,3.904675602912903,29.32013365626335
544,860.1875690370798,997.0148274768144
545,36535.86424583197,47095.50739133824
546,444.5120166093111,806.0919644348323
547,1308.3225243128836,2398.9810737837106
548,3554.341393161565,4822.79374680575
549,2036.880073569715,3251.58549364144
550,1408.7035627774894,1667.9495938774198
551,855.8271133638918,773.382672325708
552,373.02928706258535,915.1651077885181
553,2746.767413120717,2336.6727326582186
554,512.3819061536342,1003.2529659201391
555,1007.5263845175505,1141.3159871832468
556,204.1118159275502,260.55638907290995
557,760.4656913280487,1345.0430216416717
558,2665.7490211948752,5112.933761416469
559,79202.47729229927,189286.49884417653
560,51060.78241413832,65220.607313181274
561,961.1056590676308,568.6061859745532
562,850.5826705694199,719.4439895227551
563,4466.607547998428,5492.337214066647
564,3107.703407034278,3055.735951729119
565,455.7787279486656,727.0577689148486
566,2330.2338072508574,3472.934747955762
567,883.0559873208404,567.9426732268184
568,2605.1878550052643,2420.2244094042107
569,2015.1352393329144,730.0552575122565
570,986.0430289879441,1027.889360244386
571,1979.46052332595,2788.9335592761636
572,920.8829151690006,634.4699123697355
573,1467.1553312912583,968.6511509437114
574,2371.7895709723234,2241.4589281491935
575,2614.304815836251,3139.703719195444
576,6120.839497271925,4476.146655378398
577,66.33812848478556,51.36319296061993
578,1104.9034191882238,1381.7563414960168
579,1681.2637987658381,1021.1142566464841
580,2389.5354518666863,2209.259849442169
581,493.71345937624574,542.0431573260576
582,1894.880030989647,1863.4805733039975
583,1877.8602578863502,1839.4524968191981
584,1536.5539039596915,1257.486393166706
585,369.8440307546407,84.2865747474134
586,119.58133186213672,288.4998062439263
587,98.58293974585831,141.05807055719197
588,608.5726840123534,749.4629485430196
589,124.41051408834755,201.278193898499
590,106.42327577993274,99.63693458400667
591,82.52860027179122,68.02775793336332
592,1600.503193989396,1454.8351867925376
593,2202.243658259511,3022.443568442948
594,173.7936571892351,302.0302408859134
595,415.55883468687534,380.47148701921105
596,82.65219427645206,72.60875000059605
597,314.43333353847265,243.87370753102005
598,210.88989873975515,75.54299799539149
599,3355.3637080825865,3719.244398858398
600,430.09880938753486,636.9255610564724
601,5372.696766167879,5148.485652692616
602,31321.453318208456,34435.74923765473
603,363.32546589151025,385.96322869695723
604,699.5373754352331,583.3618468614295
605,2322.831116825342,2126.760236375034
606,531.3355696164072,532.2584754573181
607,805.5886086635292,921.6583811147138
608,720.7241512089968,995.3736857343465
609,422.5603906791657,440.18597524240613
610,156.0354068428278,163.30841516703367
611,3137.446699604392,2737.2329904865474
612,699.9677882492542,140.52538106963038
613,128.76106740161777,49.263919776305556
614,1498.190927375108,501.6407162733376
615,2678.618674427271,5674.452683806419
616,4174.293923519552,8324.167129774578
617,2188.8136001750827,4374.5138398222625
618,2170.2313870824873,2850.928033371456
619,1359.0499456226826,1392.7885766746476
620,3910.9702471867204,5103.71326292539
621,639.3029072061181,592.794927790761
622,572.4037394076586,724.5419170120731
623,2858.0199091285467,849.7266152962111
624,736.0958729833364,1081.8751554405317
625,644.6201670840383,819.3384440355003
626,583.2723378352821,1083.595906086266
627,233.15330171957612,358.77231934433803
628,538.7444380670786,242.06142338877544
629,863.4417886584997,1624.5980825247243
630,454.67207131534815,500.99858136475086
631,321.9740757215768,360.63986481679603
632,1134.7150408178568,1074.1766426889226
633,759.104290522635,507.57870442280546
634,144.10583330132067,163.47568013798445
635,324.4619378633797,166.63004260044545
636,337.82447696849704,143.21171207167208
637,2637.8108996748924,1198.3736058995128
638,27300.930011332035,40690.79901160486
639,2551.5913209840655,2263.4870051154867
640,380.59029155783355,336.018196108751
641,770.6073897518218,991.3006634004414
642,530.5603678971529,578.004076003097
643,2223.091661334038,2440.4789632223547
644,7234.147321254015,12899.152671799995
645,745.8167187049985,1491.8164515532553
646,3837.7407789230347,6733.457155296579
647,3599.430726081133,5975.362292218953
648,3158.5898819565773,2281.4552805498242
649,6331.2196821421385,8217.72657252103
650,3625.477938428521,3242.432056289166
651,4849.081912100315,7484.562425899319
652,25903.53122508526,36284.93124871282
653,2125.603479579091,2625.9692349042743
654,5113.772365868092,9157.016171254218
655,3325.192228257656,10475.235151875764
656,1616.3909883499146,1691.6993537354283
657,4277.706779122353,5481.550846496597
658,11027.738319516182,18188.50073274877
659,403.6904492806643,988.4879831764847
660,465.1354084536433,1491.3552696816623
661,1735.1158109735698,3770.8641819879413
662,594.1283409297466,351.5260933339596
663,423.0420056283474,405.0512878773734
664,238.72657700814307,334.21881072735414
665,8608.106956750154,8076.5298935775645
666,4005.7542034983635,3135.9436870589852
667,443.0884576663375,624.9328896701336
668,154.4076124485582,147.29347977228463
669,556.1930925101042,710.0263891965151
670,606.0936204846948,1260.952187275514
671,1810.5126772075891,3075.754982572049
672,189.90975506603718,295.04919441230595
673,147.4024824630469,273.21087648533285
674,342.39430239237845,398.9168510325253
675,760.42460558936,817.4031877955422
676,4471.622972652316,8675.556509767659
677,434.900162525475,1572.4572748811916
678,1060.6475514024496,1560.2867610007524
679,244.5426581185311,354.3587191104889
680,3932.600457146764,4929.762934435159
681,2258.7213572859764,2974.1855930685997
682,1121.8860762640834,1093.6415956486017
683,1326.5339966714382,1377.4192120637745
684,166.74468095600605,90.92194020142779
685,1731.2131265327334,1529.7843462899327
686,38.52114779688418,42.43595142662525
687,723.6762502714992,1463.5189260728657
688,180.66486162506044,100.76900769770145
689,1829.3556666076183,3662.266890214756
690,14746.36690145731,19023.22116216924
691,967.6774594783783,1000.7082272265106
692,2521.7513842880726,3512.537768341601
693,910.188561629504,1118.813282938674
694,1318.8623362891376,1904.163748897612
695,1849.5490243434906,2678.809885953553
696,359.455687597394,203.66135211475194
697,239.43107092753053,261.6560853794217
698,447.0248632058501,911.015090353787
699,751.7761779427528,670.2900359649211
700,2517.875607483089,3439.377229362726
701,6944.469488069415,8238.167695739307
702,1343.5742342211306,1480.4373763138428
703,26658.888029515743,27562.438130795024
704,7306.347851932049,8508.063552250154
705,131398.02734375,161550.07722588768
706,1441.8794847764075,1371.9164986955002
707,1237.1486886255443,1578.6655884694774
708,1060.7791438736022,1215.540329709882
709,1455.6718349903822,1345.2176437648013
710,286.05822898074985,268.9663593429141
711,65185.618444383144,81338.32230110047
712,13715.708009719849,9082.723617685027
713,457.44376347213984,206.85904152691364
714,357.91737120971084,386.48631340265274
715,3176.095465954393,5623.392400204204
716,2139.281434983015,2439.635154310614
717,193.65491346642375,236.72228229232132
718,3934.267837405205,6186.030525391921
719,334.07544622942805,234.4917668858543
720,496.3890630751848,245.9580302350223
721,501.98507763817906,802.6233215751126
722,1264.1506637856364,1494.3492424692959
723,3935.7463369965553,4330.281199955381
724,2877.4452986121178,4467.835607782472
725,319.6891309209168,818.6361582856625
726,2618.4601604938507,2878.0259479479864
727,2190.770545169711,2530.8482999214903
728,263.3676079697907,604.5843770476058
729,2502.320275865495,1529.0224921368062
730,2443.9632570147514,2295.9826925732195
731,673.0205995924771,1150.297543125227
732,389.6130047813058,116.38862867467105
733,237.8226236999035,271.95317935571074
734,285.3338160254061,607.2862926702946
735,1220.3858896307647,1738.9388894462027
736,72205.26868343353,88839.3038263109
737,384.9798885509372,564.7139759073034
738,61.152917477767915,165.8172515835613
739,271.4354399330914,403.2813188517466
740,1370.9271992016584,2220.9118241220713
741,759.1036618202925,787.8303053015843
742,8965.83633440733,11881.376309436746
743,1759.576897189021,2011.41724627465
744,1620.250731319189,1584.4991198070347
745,473.57531268522143,230.79036558768712
746,3277.2097616046667,4398.248502427246
747,3694.721387207508,5554.51944199577
748,2403.1142793297768,2686.70124993613
749,6540.349244788289,7424.588283565827
750,11930.756588891149,16892.74664244149
751,1162.7244766615331,1468.5287366406992
752,1117.4721963778138,793.5256081265397
753,969.256707623601,267.14547061081976
754,1427.5668855682015,886.766358579509
755,942.3577341884375,652.0023041460663
756,744.6126893907785,705.4730778709054
757,705.0601214841008,858.1678921189159
758,304.38231479376554,434.60541408136487
759,1312.146250396967,1269.3741410151124
760,771.1653599701822,855.7293271496892
761,885.1224421337247,927.9992557764053
762,1579.9474737346172,1886.0726170577109
763,1961.5530053973198,1775.6271413043141
764,1839.6526158452034,1705.7261399934068
765,5556.9500279426575,5122.988946547732
766,2760.576628550887,3672.4034300455824
767,2908.3996111489832,4257.551368452609
768,358.9665556587279,189.58100233692676
769,1068.9754455052316,1430.62473502988
770,844.1054985672235,824.1395044066012
771,6019.354099944234,2793.254036807921
772,20134.069393873215,12039.375653039664
773,83554.91170060635,111156.84147310536
774,46980.6866351068,57658.46868816111
775,1981.6351895704865,2613.066460736096
776,800.9204363040626,1164.3416981352493
777,319.3788602501154,607.4852647911757
778,1198.4446250125766,1074.901850540191
779,781.4541482850909,896.2152764135972
780,1939.1325630322099,1709.4834231147543
781,433.9022487960756,574.3674812912941
782,1383.002157472074,2034.3834505453706
783,928.0250436291099,1344.734550359659
784,497.4465363062918,365.4239515289664
785,814.1286405846477,582.105233727023
786,1434.9661075174809,2129.3573923055083
787,1488.321421802044,1703.7608426483348
788,6344.149575293064,10292.283433466218
789,251.93709524348378,161.46483149565756
790,1756.905744254589,2620.45856898278
791,3469.497010692954,6234.162486106157
792,1899.4281414598227,3107.8608318455517
793,1014.3557584360242,2009.0428605675697
794,3600.333395048976,6738.436577111483
795,2348.5335380733013,2443.8418176872656
796,6744.721845403314,9730.44668208016
797,2023.5840868279338,2758.416189176962
798,9215.472786068916,10901.869564715773
799,740.6542577445507,1408.6781114218757
800,877.8553623910993,1342.379672484938
801,2243.1380855739117,2098.4044466870837
802,4453.8567321151495,2554.4112442405894
803,327.7236942257732,312.1442067064345
804,927.7834305204451,1903.437270436436
805,343.49670700728893,319.87723125424236
806,296.04495157301426,463.82217552978545
807,429.1629532650113,580.7645131070167
808,534.4547180272639,430.8566528102383
809,991.1508712470531,1823.999526801519
810,865.5099543780088,1330.0238001868129
811,635.3012628220022,330.1531999409199
812,609.0160130932927,270.5529106631875
813,310.81929268315434,408.7703666491434
814,3154.9247577264905,4503.277060005348
815,1380.3776716291904,3231.1855866387486
816,1146.3761948347092,1756.0206847377121
817,235.11393257416785,372.9394679972902
818,2183.0779125913978,2978.869476564694
819,230.73047560080886,447.6588145624846
820,180.68410617858171,332.3767011836171
821,8430.66118851304,14158.792785850354
822,1021.9309516139328,1811.3459328347817
823,274.1628835685551,183.96968651935458
824,4855.198457509279,5446.651403577998
825,684.2693484649062,920.2263851445168
826,410.3323963880539,559.7668830901384
827,715.231277063489,864.025450067129
828,383.55723970010877,201.50511084217578
829,482.2499046176672,590.7922630300745
830,273.81266320869327,407.14398985542357
831,495.12306248396635,77.28020671382546
832,1076.7117878943682,962.2729387986474
833,592.7997965812683,504.5296615064144
834,464.75843277573586,500.14834566321224
835,8.434379506856203,5.234857365489006
836,1.7835297770798206,0.0
837,1109.497829772532,2660.1557816909626
838,587.9590202439576,675.9162074895576
839,1557.198265582323,1564.9433450475335
840,834.4288109689951,1297.5186944361776
841,754.1749235652387,533.4256892260164
842,3684.498934149742,4999.803442392498
843,1244.2798607982695,1826.7945575136691
844,1686.1241292953491,1411.325069759041
845,2415.88454939425,3119.23128968291
846,1078.7111012041569,1745.5644964817911
847,1157.743093021214,1708.387593684718
848,2215.139930129051,2916.8332675099373
849,2003.9081453979015,1926.9321927726269
850,1895.7473168373108,2892.8452130556107
851,544.6460870504379,201.8970707319677
852,854.0904908552766,1104.8828348703682
853,3113.025821682997,3711.3748969566077
854,200.80491346493363,75.10645909234881
855,324.5385824814439,141.91978696826845
856,270.12773887068033,218.97007055487484
857,56.19252506643534,30.027112551033497
858,351.38920133188367,1040.2926908386871
859,68.64417186565697,139.7030302286148
860,2631.7227172628045,2788.6575353662483
861,2011.0193261429667,3133.1179328509606
862,647.1797943413258,578.8934417790733
863,1244.4001622796059,1922.9939952185377
864,3445.9495578482747,4821.886967437342
865,712.8382804989815,688.2962791649625
866,789.4935008632019,663.0593617158011
867,128.4931559562683,60.021109241992235
868,5081.940003596246,2699.5364025719464
869,1346.8390502259135,695.2056540553458
870,2018.532535597682,4674.608976852149
871,1889.070305392146,3390.8063228800893
872,185.09563734941185,58.08832530025393
873,271.7027892433107,437.63532674871385
874,224.18829932808876,218.94672488141805
875,1527.4816679731011,2158.3904192801565
876,1033.4427329078317,1064.3270115107298
877,213.36875925399363,319.93613854423165
878,373.9242725595832,338.05811249278486
879,314.1362477373332,2787.139922708273
880,1984.173477128148,2113.2310194158927
881,3088.403121292591,2174.4003789220005
882,535.8049154281616,276.6183881452307
883,202.02672663331032,355.3998736832291
884,207.43124885298312,55.916374780237675
885,387.9396996125579,483.26545123010874
886,828.8257871493697,937.4156245877966
887,109.53511828929186,61.62637631967664
888,203.37093903496861,193.9660034403205
889,1317.2832269407809,1073.1465057004243
890,159.24735246412456,371.60847662575543
891,611.1446691639721,903.3750185696408
892,381.25947143137455,353.4799731299281
893,964.3205980435014,528.3865651073866
894,513.5965342260897,296.83776457607746
895,424.9089571759105,591.6523547768593
896,1429.233653113246,857.9140185900033
897,34739.519316107035,40536.25173766166
898,588.9309210553765,1490.259468880482
899,1312.9875004664063,1544.6029670182616
900,1641.0585318952799,1583.6463243011385
901,216.54795753769577,256.40637990413234
902,980.0209781713784,801.1894522197545
903,16.03714534267783,47.94118941994384
904,220.45207593217492,270.8327498282306
905,676.4383668377995,444.17254363931715
906,373.02638736367226,525.0369605924934
907,464.70445158332586,514.8501263353974
908,275.98661183565855,235.70157367549837
909,294.2030816935003,352.07773512788117
910,309.9548023827374,674.235983107239
911,837.9960203021765,901.7549910675734
912,415.2231452278793,239.31687166541815
913,2175.097526744008,2936.207144772634
914,3050.6554319411516,4925.498662170954
915,509.98578340932727,530.1793556306511
916,4390.246119379997,5892.163409373723
917,8249.096197605133,7699.624589032028
918,1287.7824194896966,1341.6281088325195
919,1380.4793422222137,1407.271028149873
920,26363.748008072376,31004.56267430773
921,1581.858423538506,1146.4392070984468
922,2203.074700579047,3126.296113278717
923,320.96503180265427,700.4089488582686
924,1125.9982335940003,647.7875799266621
925,1076.8230964317918,954.3728487994522
926,1637.8746197074652,2433.7005066592246
927,1169.7651891857386,1342.0107614253648
928,1209.7898025140166,861.5639006150886
929,1374.4165979400277,1549.7413301728666
930,2701.800292633474,4447.7981331436895
931,1033.3344002962112,489.7545781172812
932,1505.8175683692098,1095.236711770296
933,1403.3494644388556,1472.5500938957557
934,1159.9435159042478,1412.946067880839
935,191.93164666742086,106.71646474301815
936,883.6880450099707,1833.5174262151122
937,7125.191719442606,6270.841156501323
938,548.3384771384299,803.0153700131923
939,19.603041511029005,38.638163635507226
940,943.1195016764104,1448.9442479414865
941,1015.5570624470711,653.105075456202
942,475.50840697810054,416.143281891942
943,829.298281416297,1345.3321145568043
944,2614.14362680912,2756.275177527219
945,272.101929448545,217.81219278275967
946,236.5758358463645,193.76226801984012
947,1015.8743840828538,916.323069928214
948,308.61261827498674,198.78266048058867
949,695.0304031968117,409.0259185042232
950,619.8992721736431,1414.1571849882603
951,881.5911746546626,943.9250838793814
952,1818.5083550959826,1566.101685325615
953,2430.7768437191844,1466.469331056811
954,1667.787448965013,1998.0160573273897
955,464.3208185955882,422.59477481618524
956,344.83540365099907,361.8496362194419
957,312.17109240964055,144.92660784721375
958,535.531715914607,596.2142040152103
959,362.93616622313857,362.9275995353237
960,518.6548324339092,843.9208827186376
961,156.37949036061764,124.80461681913584
962,193.96788857877254,144.04216424841434
963,383.83636674284935,1505.1808646023273
964,450.85505010187626,294.2480329722166
965,587.3633177168667,154.94430898688734
966,517.0211811587214,760.5647553242743
967,424.4410506077111,454.5595441609621
968,7.451239995658398,0.0
969,4705.050865441561,5853.12940670643
970,12862.273967415094,16653.851356590865
971,12239.379522264004,15328.295125111472
972,4796.730241000652,5738.79197796341
973,169.72190504707396,196.3874441711232
974,2175.7506447955966,4022.661442811135
975,188.69226980768144,54.58778439788148
976,532.1484304741025,198.02334895171225
977,632.6950263865292,553.4631187263876
978,318.86544240266085,287.69106622599065
979,308.76595129445195,922.9255743864924
980,350.46790577843785,351.49867157638073
981,1023.0407832972705,876.0880724815652
982,90.83577642217278,145.59374373406172
983,49.25639601610601,26.543530309572816
984,294.1212658174336,314.4203591942787
985,117.6678965408355,183.75099370628595
986,598.6782650612295,873.2534423028119
987,130.09328454360366,121.08682750258595
988,134.18760340474546,202.42684104666114
989,1348.6296155303717,1191.472326473333
990,658.3562978431582,892.7222983818501
991,427.2096589319408,827.4698787950911
992,215.58163810521364,193.7586440835148
993,2938.0054873749614,4135.910145888105
994,5702.000029176474,6544.128144050948
995,377.83758283779025,318.1574729764834
996,387.71089343354106,405.4208753472194
997,258.8917509187013,252.6607866100967
998,298.50447414815426,449.90187984285876
999,1662.6192692369223,2139.1485250946134
1000,1452.286921530962,1037.7343625226058
1001,332.893079508096,204.53859212063253
1002,661.0822214223444,922.50743034482
1003,425.37187813967466,102.30680797435343
1004,358.7034863382578,209.29363445565104
1005,186.78802252560854,124.93492604559287
1006,344.1346785388887,223.5016600228846
1007,1802.9959281980991,1607.7467950796708
1008,141074.76452183723,192769.18156781374
1009,319.7264030724764,514.4381605228409
1010,449.95350255817175,1172.2431683838367
1011,7224.37103331089,10870.001915565692
1012,1622.2788528427482,2438.0050140358508
1013,595.4449834674597,1186.7574305608869
1014,445.9561931975186,547.8604215532541
1015,246.57455331645906,383.29471618589014
1016,142.71457308158278,156.68648800533265
1017,552.494883172214,1034.8520276211202
1018,236.7908796109259,286.2720838841051
1019,80.8606600239873,49.6626771427691
1020,261.88104509562254,195.49441430531442
1021,568.8659372776747,339.46748605463654
1022,1121.738496132195,603.4581131525338
1023,374.676753539592,179.87484428286552
1024,185.12140001356602,181.22550628520548
1025,211.4310911372304,84.297552597709
1026,1658.9078510701656,3883.209367064759
1027,878.1630668714643,682.6141798095778
1028,450.67774836719036,544.6569104576483
1029,470.57047744840384,1064.114094329998
1030,209.36759930476546,202.9084999654442
1031,274.6632013171911,393.2758500240743
1032,415.12728537991643,786.6780679207295
1033,243.56597484461963,201.8311872733757
1034,380.8125374019146,409.52657194808125
1035,108.56776580959558,82.87571952398866
1036,482.872213434428,211.64012620411813
1037,2057.169541232288,349.0312673933804
1038,669.728314332664,280.40274991374463
1039,1597.0417524576187,1092.2572370041162
1040,443.92090090736747,35.529930578079075
1041,1.9432256668806076,0.0
1042,294.58330953121185,623.6848494205624
1043,156.08069005981088,30.76825483329594
1044,179.6061495989561,134.20819804817438
1045,1462.8508205488324,734.4789930963889
1046,174.82312299497426,196.8459040792659
1047,359.5877821482718,360.4088905574754
1048,201.2988167963922,388.0557340262458
1049,1055.9890406802297,1387.505249244161
1050,784.3313458114862,798.0974076488055
1051,255.64488813653588,422.70319582987577
1052,208.1660486534238,238.7270116386935
1053,417.8127091303468,123.62703844252974
1054,81.88604858145118,141.57469211518764
1055,530.3960973136127,399.64784337580204
1056,239.08524995297194,203.3971931571141
1057,53.45053634047508,63.66877717524767
1058,203.80597008951008,171.2535077398643
1059,298.2257174961269,305.42198186647147
1060,480.6659768857062,793.5347014870495
1061,432.7076906785369,232.87780030258
1062,149.7956869713962,20.72635923884809
1063,238.4224038347602,1095.598485056311
1064,167.38307986408472,221.7477815290913
1065,300.8288174737245,109.2098849248141
1066,361.32820301130414,387.10986909642816
1067,1139.9289660602808,1070.9892535004765
1068,1099.5944037884474,1099.2820601081476
1069,812.9837542176247,738.553794356063
1070,203.6815938204527,322.499709835276
1071,999.5678383037448,1443.6274830959737
1072,1557.6871376484632,931.761498936452
1073,466.94530859589577,79.73373214993626
1074,105.13914356846362,68.93302324507385
1075,348.62040930241346,284.35139092616737
1076,166.6600413247943,65.10732679162174
1077,598.5149243250489,578.6533856058959
1078,211.75311609730124,346.8843344077468
1079,1299.8287152424455,331.87810643203557
1080,962.7635180130601,515.76945431903
1081,43.318017391487956,14.376037944108248
1082,322.7248474210501,229.87441508565098
1083,266.0166830737144,169.40734679531306
1084,600.9207709059119,633.6574316127226
1085,487.35237948969007,379.07107869908214
1086,368.2540508955717,354.03666225261986
1087,147.707568410784,150.1904075089842
1088,52.389144755899906,104.56922457180917
1089,417.3943852968514,231.54795639775693
1090,544.8833913207054,237.0921078287065
1091,430.4558405056596,631.977346425876
1092,441.95437374711037,377.7445899043232
1093,131.40855297259986,56.889641678892076
1094,197.399125514552,159.06444679014385
1095,465.7578101530671,534.9697502031922
1096,689.9919239282608,426.9706641351804
1097,448.5206634514034,186.88887278735638
1098,409.1639788597822,723.4841955741867
1099,457.79314113408327,272.1844585891813
1100,372.1119947247207,274.30868538841605
1101,140.41819405555725,80.89881992340088
1102,213.4997277795337,157.68938008043915
1103,368.2736965678632,130.87166179949418
1104,347.2291907072067,80.92596863862127
1105,371.6415011957288,440.04670998826623
1106,159.26375182718039,3.051388740539551
1107,296.8061252050102,181.8355997223407
1108,333.92796994000673,215.06244648061693
1109,537.7161948978901,430.7752232924104
1110,284.61168744042516,311.20087398122996
1111,546.2330847587436,302.8273549992591
1112,212.56760870106518,227.565056277439
1113,155.3334672227502,56.83342605829239
1114,910.6696801111102,711.4308445770293
1115,281.08535066992044,36.36026809178293
1116,644.3252041712403,413.12323742732406
1117,454.7411291375756,311.7331754229963
1118,208.8492861688137,126.57472339086235
1119,269.2210198864341,123.31638390012085
1120,315.26012194901705,190.73985672928393
1121,370.69456965476274,320.6731474902481
1122,37.15184946730733,18.31842290610075
1123,115.08291891217232,118.1593431616202
1124,119.86256358213723,68.10159928537905
1125,207.3033739477396,306.959449631162
1126,726.4413739964366,275.0347296120599
1127,263.9538412857801,417.4128791987896
1128,163.17966824024916,91.93235739693046
1129,690.0544290840626,815.9753249045461
1130,760.9924065433443,344.77786360122263
1131,205.02969489246607,145.7584555260837
1132,163.7086759954691,94.24315184913576
1133,97.82233743742108,42.34032341092825
1134,260.1452233083546,191.26097689568996
1135,373.626681804657,370.80782235227525
1136,395.15642228350043,228.75789109244943
1137,247.30622385442257,231.7588620185852
1138,442.5868680663407,212.71726092370227
1139,771.5677862763405,1120.9773624073714
1140,596.441695548594,334.3268100563437
1141,328.4389839321375,146.78638645540923
1142,867.0629250369966,262.84857931919396
1143,152.3528111819178,594.966322761029
1144,499.4910352155566,438.8687937762588
1145,613.0944532603025,243.699755622074
1146,163.9233421906829,230.8812502194196
1147,39.71156904101372,80.63299596961588
1148,30.901190400123596,140.94928482174873
1149,328.26045401766896,272.15792874619365
1150,127.53428517468274,113.60363499354571
1151,152.6071900986135,165.59420542418957
1152,112.4800568073988,93.38600514037535
1153,181.68400036357343,399.6609727740288
1154,506.070517282933,272.3130625728518
1155,314.4277717061341,85.79284367430955
1156,461.0481316521764,475.701562885195
1157,68.98151086363941,109.370116956532
1158,992.2309168577194,720.0015223603696
1159,260.8036413323134,232.58751825802028
1160,216.79863026738167,209.75124908331782
1161,214.54032703861594,117.47417419217527
1162,16.749032083898783,87.66349044814706
1163,153.29862759821117,129.3772089681588
1164,42.48398798331618,63.55818119458854
1165,30.637004122138023,47.14236305654049
1166,239.53133142367005,65.48488015122712
1167,360.7884824350476,113.62369694747031
1168,375.20618226379156,200.43590562604368
1169,149.72256552800536,105.4589814953506
1170,549.8956147506833,393.03246988449246
1171,211.00886063091457,168.76463885046542
1172,1045.840089328587,601.6174211101606
1173,1117.6810515522957,307.9157912088558
1174,201.08347200602293,154.90540189296007
1175,60.87713181972504,74.14112278725952
1176,257.24131874740124,99.03040795959532
1177,112.34169001504779,72.62270480953157
1178,270.2454182635993,563.6329782488756
1179,320.46124624833465,137.56638788804412
1180,449.9883299693465,226.40488372463733
1181,258.48669615760446,147.7267451491207
1182,52.87490436434746,23.636933335103095
1183,24.684881173074245,208.0309318965301
1184,297.1327117793262,259.9652567040175
1185,160.21228760667145,69.14684884995222
1186,1013.4752940014005,315.6925224661827
1187,654.4533749073744,225.28342787828296
1188,177.95438334532082,31.092015262693167
1189,786.7334811389446,209.31864935252815
1190,70.62700269371271,0.05571407824754715
1191,1.599478805437684,1.092888593673706
1192,357.6470100879669,240.08839306235313
1193,67.10795010440052,82.99917405471206
1194,324.5845573581755,171.8647828893736
1195,420.8506346344948,359.2179638054222
1196,79.99880301952362,46.41512326989323
1197,140.06668862700462,45.804258132353425
1198,197.96631066128612,62.06853918544948
1199,346.7161501273513,142.27505449950695
1200,435.6291984729469,358.54043454211205
1201,1026.7021415177733,570.5413318667561
1202,176.54316033050418,77.92896913923323
1203,34.4997361600399,27.861061315983534
1204,63.361992716789246,56.38649081531912
1205,791.2381181567907,806.7120119612664
1206,389.19207732751966,90.86973045580089
1207,298.2044532597065,79.45478494372219
1208,220.48202760517597,154.498433470726
1209,266.95834878087044,142.9440192822367
1210,343.6209993548691,346.6838392280042
1211,452.7038183808327,107.94359634630382
1212,485.9933738261461,113.372613793239
1213,190.6052611619234,221.19969270192087
1214,729.2433432228863,168.3242207565345
1215,134.72593014128506,122.1203667735681
1216,299.6905488073826,204.27511891908944
1217,1378.636059127748,504.2156321965158
1218,143.13314767181873,81.23193636350334
1219,193.93029352463782,0.0
1220,546.5665101595223,512.3176358928904
1221,317.0346744917333,183.64185580797493
1222,310.32659080810845,238.16138969780877
1223,401.35318484157324,124.8599776737392
1224,967.6879287287593,535.0174708291888
1225,102.06130597461015,0.0
1226,80.51405211538076,57.70271216146648
1227,261.5380629040301,177.19147866778076
1228,47.317293189466,77.63052501529455
1229,125.19601384736598,53.23083309363574
1230,330.5298727415502,142.34010387398303
1231,223.18705934286118,30.27268475294113
1232,79.98728699050844,24.63145566545427
1233,97.98423771746457,88.14548199996352
1234,175.27024724334478,142.6602037884295
1235,99.80363252013922,37.60908433794975
1236,75.29131270945072,19.936108458787203
1237,520.2010985203087,307.96872618980706
1238,65.04759517684579,2.379525139927864
1239,163.7204091437161,187.6804871968925
1240,868.6564311664551,48.06730253063142
1241,842.216898678802,222.44664275692776
1242,507.48082532547414,316.96904022525996
1243,204.33195005729795,54.93241493962705
1244,184.65530134551227,245.42340185306966
1245,194.56466940790415,177.19457951933146
1246,464.7476930730045,187.2750016860664
1247,54.63226573448628,30.211480690166354
1248,321.4330459795892,468.1423446498811
1249,177.73057778179646,51.77162454277277
1250,73.5083581674844,133.91516523249447
1251,84.54395579174161,71.7936694920063
1252,926.4466652497649,140.80323676858097
1253,415.90381970256567,149.83131157793105
1254,13.971608847379684,167.79710892029107
1255,482.02925604209304,338.26333944126964
1256,231.28934483788908,57.53610665164888
1257,177.71812030673027,78.33271644823253
1258,120.86563024297357,108.59827039763331
1259,267.9571541585028,124.53211672510952
1260,350.6008023545146,178.93181750923395
1261,483.55170360580087,322.17925017140806
1262,149.29559548571706,91.49807995790616
1263,858.7230206765234,360.85134792141616
1264,15.70801780372858,0.0
1265,191.7835193015635,0.6892764745280147
1266,465.97684843838215,139.75695679336786
1267,7.301067754626274,1.6529939975589514
1268,591.9183155968785,245.27629686146975
1269,90.90428642742336,3.8193062096834183
1270,336.42491164058447,428.4147427268326
1271,107.07019072026014,160.7738397512585
1272,642.6575574502349,170.09199542552233
1273,128.41035618260503,36.74957485124469
1274,42.676308900117874,8.62932325899601
1275,83.02916557528079,0.48513126373291016
1276,206.4736593514681,172.63076102919877
1277,264.8316001109779,110.46800326183438
1278,605.2415950000286,234.070316279307
1279,374.19351759925485,88.63538012001663
1280,392.7064704746008,125.95727986004204
1281,171.34724600985646,56.341515662148595
1282,82.3143709525466,10.234236851334572
1283,76.26670479215682,68.29292950592935
1284,348.1413661278784,133.4626850746572
1285,13.863870661705732,4.061871811747551
1286,113.90223504602909,104.8644593199715
1287,102.55106890574098,20.66500946227461
1288,177.3599124290049,120.42105699609965
1289,161.4453100040555,64.58985114656389
1290,364.8991305232048,355.5599160939455
1291,13.795335188508034,0.0
1292,105.11030211672187,35.307462899014354
1293,312.2855386286974,94.65054677799344
1294,1.7559231519699097,0.0
1295,320.873845025897,120.62659015040845
1296,161.30600649118423,47.13791359588504
1297,308.4334520660341,172.4637819584459
1298,141.6399972103536,158.69545753486454
1299,373.1088041216135,94.4070946034044
1300,354.32308579422534,239.08068291842937
1301,21.06046355329454,0.0
1302,208.50043442845345,129.22245784197003
1303,202.44456356018782,71.9091403610073
1304,587.3211495429277,543.4180512009189
1305,87.57006646879017,46.90506595186889
1306,104.61101710796356,23.019740825518966
1307,416.2870386391878,152.80225131474435
1308,164.76442457642406,0.0
1309,399.9362793881446,151.198223519139
1310,401.090528678149,95.3401420135051
1311,437.9313591271639,272.0595894707367
1312,146.1363456901163,56.53832430485636
1313,73.20764581300318,0.0
1314,1033.9644373059273,329.970105715096
1315,147.14913844317198,10.247002029791474
1316,6.518966283649206,0.0
1317,184.48354000411928,37.636344930157065
1318,111.69044150039554,31.929782954975963
1319,406.31922772713006,131.89021988771856
1320,152.97852570563555,216.7057772986591
1321,159.43397715315223,82.7289467472583
1322,259.51476038619876,316.9068378750235
1323,101.95068770088255,229.74665989540517
1324,772.1812149807811,337.9759348882362
1325,157.3345999289304,26.49403500929475
1326,98.86787260510027,27.80056125856936
1327,355.025300078094,343.2343699596822
1328,312.1036522425711,122.43168549053371
1329,93.58202994987369,32.24392941966653
1330,480.44589414447546,218.99315646477044
1331,321.46137569099665,47.84828143380582
1332,243.37517622113228,143.3073762189597
1333,401.40093521028757,173.17140728235245
1334,252.0305409245193,221.2811108250171
