activity,worldpop_population,ghsl_population_2025
0.00704085489371743,5.539778903126717,6.9594285897910595
0.00186602674249272,3.394213270395994,0.0
0.0589645758150183,0.0,0.0
0.000174145561590861,43.05473976582289,3.830823142081499
0.0181445601398221,1008.4038874842227,1574.4354427577928
0.335460358903018,2046.6119468137622,2272.3386059887707
0.334829131711461,1738.3298354297876,2022.6820894558914
0.340661740409005,2631.8536553382874,2338.0918404543772
0.286052580725201,708.900811009109,929.1252509374171
0.214541078595923,979.4066178053617,2013.208920698613
0.0251763724619592,201.74621875584126,241.14610866177827
0.000692089959797107,88.6311343871057,2.358822761103511
0.191716381321829,1100.0038818754256,462.3980250544846
0.269742990868129,1499.4904605448246,2548.458931904286
0.297327554387754,816.5005779340863,965.8732158937491
0.267477296671404,1586.935334801674,1703.347911130637
0.371555628247538,999.9157500937581,642.4372603050433
0.353113291178532,698.8360028192401,320.55762672936544
0.179877365047836,639.5933269113302,554.6038976404816
0.244659955889529,412.58162727206945,422.1138421278447
0.358134308300037,487.0797345302999,432.0189601490274
0.501451415520638,352.7935001626611,819.9619070608169
0.271844011096981,637.2522599175572,838.1463932180777
0.0290742467482098,33.86034480854869,0.2965000569820404
0.193887946364361,165.05879276618361,725.4608840439469
0.000314068986082817,9.74407073482871,34.850743643939495
0.258878951953453,658.1760834977031,473.25650840066373
0.0854262020476122,1051.6140921600163,640.1065694224089
0.281244769352743,753.3260386884212,431.86012797243893
0.234684158256405,1213.9347664490342,1407.2804025113583
0.233354618849942,877.3007145002484,1209.7450708206743
0.27143817760662,390.9928108751774,113.28105314541608
0.00753708433638415,139.3907719552517,40.59055992309004
0.165374502945082,117.91315672919154,40.8979854201898
0.430710530594716,186.24534968659282,581.8493870766833
0.0465245182299471,85.53272000327706,231.8620361974463
0.18975297383698,540.1929972879589,332.33045935537666
0.000292299699585854,117.72974921390414,31.768208297900856
0.653001000263951,371.82087540626526,1191.6147094424814
0.0496732524106725,80.83633253909647,0.0
0.0086493160312838,26.401520671322942,50.0199201926589
0.281599596420105,138.8094346895814,596.3646160140634
0.229310933658954,924.6730894595385,1463.7598528927192
0.30792654923492,1891.3814103379846,1303.5787741988897
0.00205405487673294,196.56847769021988,0.6243818998336792
0.751159537411511,3191.541012376547,4723.214105292223
0.714704091994039,844.4479151889682,646.3389966208488
0.198407497548478,266.8212759718299,138.5904553346336
0.319414293257335,124.62971010804176,56.21967269200832
0.35001873760968,1201.0756550095975,1080.6033360501751
0.321032051830302,208.8480065613985,230.02562880143523
0.257574085443772,331.5103056691587,406.7102387957275
0.158753289605105,321.6788380779326,234.92469116393477
0.334840945042331,3861.5550498887897,6452.15339156054
0.00113357155670933,384.10469202697277,116.17312133871019
0.157167475756154,281.13727852888405,281.91226636990905
0.107634684900267,235.00803176686168,269.20211255550385
0.00548098566199868,60.49427989311516,30.750420778989792
0.00362968507321733,79.26160430163145,6.858663558959961
0.00552638396474431,76.22742230445147,17.504852523095906
0.0464752468137708,89.95952947624028,118.1593431616202
0.300334392994132,143.55301387421787,77.19387792982161
0.244030602126974,150.4308894686401,429.3489477671683
0.0138753911525248,785.5052383765578,692.9544112961739
0.299617285819764,3063.3145982027054,3334.739229578525
0.254477620692464,968.3440063893795,819.3309046756476
0.228578500066352,1016.2838908061385,688.8192035518587
0.27331232051188,1644.8905286937952,1727.6407526917756
0.306930799823953,905.4752710461617,948.2958843410015
0.0129892422426124,202.0861485749483,105.80302833765745
0.393735689871348,1462.7281467430294,1472.0151705602184
0.300866584321668,594.7797866091132,604.7373062679544
0.160320100806974,274.96043464913964,460.1899562077597
0.257402174893666,236.71481677889824,396.0331278061494
0.328956215365722,371.8431994393468,134.86627611890435
0.52800759852985,84.98201611451805,22.985600613057613
0.00380872997463047,114.32183050736785,104.18132084049284
0.0361172753111262,201.48446356132627,102.96685202978551
0.348738716202559,825.5043718703091,681.828241918236
0.462212153330152,3829.968436963856,5189.847386228852
0.309595747091924,1256.142716780305,857.8400599770248
0.305007540816836,3415.5367211550474,7587.804143415764
0.298797436802119,1633.7013093978167,1379.7950582187623
0.448243428647089,984.6974808946252,1214.748655455187
0.394844368020235,3446.7947214841843,3315.016823735088
0.375723084479875,781.9954523667693,907.4074395522475
0.00340493392847173,199.77976109459996,64.30959777813405
0.00509389878416905,407.4630268663168,103.72210124321282
0.00260395298314228,310.95337195694447,109.4177203187719
0.133049316191938,517.0366005338728,456.1813019150868
0.0871289417070523,17.610261604189873,6.335138440132141
0.340013897029394,223.11133564449847,123.5298830550164
0.282475877640779,90.17092017270625,28.933199118822813
0.274030953776512,190.11711986921728,480.7290946561843
0.110402666931158,108.53465807810426,142.91023611836135
0.121733447544418,101.93605567701161,57.59043422713876
0.00599056743268532,87.91542175970972,28.39247389882803
0.266008236137464,121.45287402719259,19.401061072945595
0.0201131934321498,192.87765611708164,306.2986809313297
0.0651787806984766,244.46225897595286,153.33220617007464
0.357937193607306,5827.215007457882,2112.0747190145776
0.387866927298996,2346.9364755004644,3639.1180809922516
0.0524580179232835,525.5801647678018,187.53121508657932
0.694299762696783,2047.5220775902271,3121.150466005318
0.770197445880677,1047.3842025250196,846.829786522314
0.000147462359736699,560.6663423925638,362.41578485816717
0.00831671325466017,327.52729465067387,42.399490860290825
0.0937404080009033,245.4857373982668,28.627153060398996
0.685262599052832,508.35669280961156,512.6069975523278
0.687470739718894,347.5304458774626,239.34953760914505
0.394723143272408,1282.5225530341268,1302.728522383608
0.428892221975677,732.0584907755256,1058.0103958379477
0.279786038003916,92.11871427111328,51.523267451673746
0.447712627682086,177.2117284592241,285.8532312978059
0.458979070756099,534.3033556342125,995.5571017079055
0.348704868000592,192.86317585594952,167.06178763974458
0.0538342239533745,164.7516930345446,80.89725493546575
0.295059889260017,1135.6106577031314,1824.1566259916872
0.370795734271739,798.2227939739823,1096.8653815295547
0.375718722401791,825.7278355620801,432.6327418554574
0.295329971995557,1338.1888343319297,2012.2025928096846
0.388114394202796,577.7603105306625,650.3724483437836
0.474276482622974,445.11907544732094,251.8893918748945
0.505308704363506,863.0168252587318,643.0052425386384
0.403470127207754,1472.217636153102,1114.1818734407425
0.303076947823301,793.9779032021761,200.96056924201548
0.313874269832515,553.6953920796514,250.69116591196507
0.674061898984464,1088.5071424469352,1099.3214270854369
0.194230374750128,938.9070543497801,1525.4700665166602
0.149073116151723,584.0894584879279,525.6057001827285
0.00299846709875915,477.59398951008916,633.5343534294516
0.744380631131253,790.4242748394608,1209.632553823758
0.000136335147662742,0.0,0.0
0.322457822516539,404.4205717574805,751.4886083174497
0.302470886222892,1764.3081455715,3786.9607131034136
0.0406851108811803,587.2735785841942,479.48658560216427
0.0968719422997087,153.1006789430976,138.73809301760048
0.10222266855333,126.41905683651567,294.05959974136204
0.190187991258577,103.46363088861108,36.35366354882717
0.366362407400116,489.18509789928794,578.8526596855372
0.32176487004474,567.0540568754077,839.0779691450298
0.477146012651898,7921.058974534273,11301.250151018612
0.0390782258993141,2765.775458112359,2337.7135764472187
0.452398808411883,929.6615819521248,703.8209648123011
0.111844196079684,179.58593082241714,135.28501469828188
0.340936043463403,114.15633330121636,38.7919397354126
0.338391143638902,585.9080664925277,740.2615467701107
0.328047228212448,667.9883446767926,302.3411296401173
0.314858674005404,1442.153748832643,1550.1782069429755
0.5632770821498,1742.918660506606,2824.7398674804717
0.251922736860715,1393.7182403467596,1378.2077145911753
0.427259960654611,195.7495974600315,216.3671692549251
0.694933207487912,238.35720433853567,153.42102518258616
0.312722645040437,143.50164768844843,435.3019933011383
0.0825127760215593,414.56954442709684,473.46306471154094
0.090997146875812,390.7587756589055,202.56480799987912
0.263156986656297,592.148987069726,1055.4283311907202
0.0866339125030963,364.7040332853794,251.92358535621315
0.0087169259656948,287.50504288449883,203.47129930835217
0.328146030788535,108.40642951056361,0.5026012063026428
0.176442497855714,1162.336751408875,898.2226272150874
0.00756170873124879,304.17661146074533,194.74284127354622
0.198457829564487,327.07832769677043,370.656068040058
0.25550749691406,217.7150158546865,296.7015472603962
0.000595022625634126,665.0586269199848,95.24488685280085
0.308717082677868,156.407957714051,188.57402901817113
0.30471918159022,312.0683314241469,576.4308313708752
0.364189068690347,581.1954141668975,1024.4725220892578
0.675869640953373,663.851596776396,716.2793063828722
0.312112546788701,1419.8398787751794,2338.5387587780133
0.272287983417268,563.4279415905476,677.1735005872324
0.733214435604481,481.8538362160325,680.3336670873687
0.47049203269193,317.769034108147,596.4617820288986
0.157488238851344,158.7211913075298,163.5618260074407
0.249865779686727,304.4620946459472,343.1305137872696
0.0175547168010061,11.192598950117826,0.0
0.265125686519423,673.0534069538116,778.3323091026396
0.316214791024938,333.3314062654972,359.4515263484791
0.0833601439935595,386.9747406989336,617.8373269205913
0.316207506229548,357.61969136819243,393.599716860801
0.20905451743583,104.06735563091934,0.7342689838260412
0.00391471834942157,285.9966878890991,68.9873513346538
0.0120281121597966,248.91422956436872,84.07175249233842
0.00112638036994462,121.33640472590923,146.77571396622807
0.262296323077112,114.94335477426648,33.7174447029829
0.000776639178279336,112.47602356597781,55.85410946421325
0.0217047205567662,65.09360501542687,4.614623319357634
0.395451906143536,173.45266031846404,245.75650917366147
0.152225528445489,354.853591889143,326.9173861555755
0.0606604098254502,455.086453165859,526.4565950222313
0.331235198924509,974.0034456923604,1400.1049423953518
0.0875923719218177,213.15896747261286,114.23725241795182
0.304740521500139,217.09923230484128,274.22995984740555
0.13479957107835,142.89360345341265,65.06339854374528
0.256349166145045,307.80832686275244,303.5606582602486
0.247300043035797,249.55559414997697,290.90881673339754
0.0196593835810223,444.8725681900978,136.71655125543475
0.455786376036696,542.2062086910009,180.82170561142266
0.321184609595724,535.5153161920607,508.3884244598448
0.0766880111106532,147.34014952927828,213.18560713110492
0.00922840105363262,159.43086958304048,124.89768156409264
0.0311499142009527,276.19958843663335,49.24952766299248
0.280082036071978,1740.0840645357966,2295.387478997931
0.00238140584745982,100.85561496205628,113.94789712131023
0.00615699938329884,172.2743392176926,159.63631073664874
0.354073702827309,499.55356093868613,896.7025119084865
0.407238003459798,633.3319034054875,916.0665780771524
0.251717358626179,584.8247403204441,465.8841881994158
0.274643254096201,591.5531619116664,679.3794201551937
0.604248393356337,817.985552649945,1127.795975674875
0.474823162952737,1145.1370596960187,916.6119495923631
0.59885919205205,323.3244714345783,380.7340077664703
0.160445639952063,132.25191115029156,70.41311948746443
0.197366615071545,252.70178525149822,216.2935756891966
0.242283329079182,176.38951965421438,337.62877322081476
0.220790644206016,403.18833895400167,418.6600791281089
0.223926907670111,332.1820494160056,525.3830495765433
0.250781879457699,231.2465499639511,280.7867141077295
0.0698609409995702,352.5042012222111,119.19894898869097
0.243630749443976,445.63809987157583,163.44749456644058
0.546766415900735,1665.0082365758717,2644.711606245488
0.467453045071251,783.3694280274212,773.4050883254968
0.0229279897598215,172.17927931062877,231.85365378390998
0.0419855064739365,248.44418124109507,323.5308727165684
0.258246604901818,1789.753718957305,2539.9495096327737
0.270605936739101,494.32327204942703,980.8961805701256
0.00132961654167971,118.85404850915074,76.12307524587959
0.741251703983715,152.52956146933138,336.4060867470689
0.11872148184836,60.78684376552701,70.13060084916651
0.548165820615663,772.3438400700688,1634.6619626809843
0.294332215679949,1716.443205602467,1991.1026806361042
0.0454872306264505,303.7783166207373,342.49344073422253
0.271756232560027,442.5543198212981,653.739215455018
0.230645441629819,265.45895467326045,198.62553480640054
0.0337304917362328,13.95188219845295,1.1742751747369766
0.243488963543018,675.4801578857005,868.6933076940477
0.230064824761846,505.001436971128,346.344869912602
0.316536326665433,242.77611105516553,50.07557466067374
0.237166998630537,858.6566542051733,2128.0411251243204
0.23035532363757,318.66123455390334,1012.2795303482562
0.3285602141684,487.4115880429745,858.297790041659
0.498050675772833,1301.7100950703025,1911.049355913885
0.303266678432604,255.57256186008453,363.3254791107029
0.000511792887626803,88.26076554693282,50.389013276435435
0.319653102082215,288.36822996661067,415.2900803433731
0.0854281378302278,482.45737719908357,808.0272955801338
0.00116824725171589,155.81033701822162,119.22584240045398
0.507488993390611,642.0736650209874,1372.491862449795
0.336783733647213,559.2525465898216,793.5318033457734
0.550403002943328,49.23981938324869,6.832305940799415
0.281849475697349,1042.2690306566656,1968.282136197202
0.290137936497239,59.91453430056572,9.02346468437463
0.461055244362746,326.5855268537998,278.1516938507557
0.387307023481488,185.61977047473192,140.35421492904425
0.111082080115322,372.2641647160053,230.17945231776685
0.22406176428759,1282.791850939393,1264.8229237059131
0.0114777798110739,264.6821792088449,119.1351007539779
0.16655386499462,440.31452410668135,267.93831415474415
0.00289466661347409,159.72478874400258,111.40155111439526
0.271540461270549,582.1247137896717,588.323025314603
0.486278217037228,397.2066106200218,305.414238747675
0.266843915673966,910.0785685405135,1815.367991225794
0.206245352427543,1037.3128907233477,1776.3017282504588
0.509142255595904,202.81766236945987,95.29808270465583
0.115923472423703,432.4093099553138,464.3094185497612
0.00352468320977872,113.184823455289,91.20137555897236
0.0813446199704739,62.51810348778963,28.651012256741524
0.127281530437056,163.16662377677858,44.80449930392206
0.0536686836835641,872.5756981112063,500.8735499596223
0.418277167317366,927.4616725854576,431.20769538357854
0.0915855682113098,312.565050072968,54.05676371231675
0.0799487181799244,144.69534638151526,384.10039326688275
0.177827675160315,76.62441948056221,74.95391879417002
0.283508255739886,504.85548666492105,561.0506619587541
0.263114511124898,136.50700130313635,71.05345128383487
0.624889444229204,559.258935816586,785.9418414533138
0.24815161074209,781.9012816399336,735.9056975860149
0.236020121429772,193.92420557886362,64.35688290558755
0.171186601617146,364.9044007770717,506.88018381409347
0.0385514664578842,180.34251308441162,31.2477748664096
0.307977355709072,684.986250270158,522.9788531353697
0.30297602091148,1514.7995932996273,1803.845165848732
0.00023186937724907,6.0746920220553875,0.27459287643432617
0.388671733248348,1186.870240047574,1517.303258964792
0.580768102770713,1144.8577248752117,1271.0356933688745
0.367122440260726,1407.3320094048977,2131.693794890307
0.133927173631552,884.1980635821819,846.2860631057993
0.106533788360125,501.16131695732474,633.5693175494671
0.36447036139639,1786.8200158625841,2977.3379869703203
0.657167129066656,130.09380553476512,64.23502975143492
0.587521373825562,189.41211650148034,433.29848833568394
0.164084711506344,180.99356842972338,20.27294971048832
0.000562876219612274,798.2457832172513,286.2997215744108
0.505017067492107,1255.3361511677504,408.199181355536
0.518828197078847,472.2935079969466,196.76880256459117
0.562256412531945,447.44002667441964,753.2607258856297
0.649881738347602,384.92430659383535,318.4752769358456
0.0115001756207319,200.14746712520719,86.57159551884979
0.0369400875142772,535.9348535165191,508.96616570279
0.00867689542428281,0.0,0.0
0.210270885793462,307.59228440374136,556.1350792311132
0.00426403806349213,132.1198579184711,14.697065327316523
0.00207854658375407,392.0761924497783,336.31068060779944
0.296486714710605,455.5503018014133,399.7491666059941
0.230079014370269,308.93524069339037,402.3209618087858
0.0624983549410191,0.0,0.0
0.332376603704139,545.3432035297155,852.9728900231421
0.292940618437296,986.0719396434724,1174.8986765323207
0.409696339885771,1719.2137584984303,1217.6430498287082
0.371487465093484,994.863117352128,392.8858026890084
0.314040399252713,565.0376386791468,762.1530855670571
0.304122441971457,313.53718753531575,135.16043271124363
0.0339927018157288,82.6813456537202,25.55841481126845
0.442696488202065,288.779349707067,135.09835368115455
0.0266070097418783,491.54448771849275,579.4016168401577
0.333454054938797,350.77514150366187,356.4255282445811
0.00241515022802559,213.85186660662293,175.38353017531335
0.450556539889523,250.38260467723012,231.42606615275145
0.0202083599615361,164.77978322282434,191.01064113900065
0.388947637318245,508.6460680887103,679.9828436393291
0.143968948982734,222.29037038981915,70.99564238265157
0.129455337229424,415.27074071392417,132.13601373322308
0.418741613187284,815.1187120899558,1849.1376035138965
0.0452379997041965,11.32918406277895,0.8453594651073217
0.22290231616138,264.2192807942629,92.1968075139448
0.0433695159885213,326.02638183906674,286.59629796165973
0.32650776112784,1022.766462340951,1492.8907475932501
0.0643122919852954,287.75931446254253,453.7635901574977
0.320426554749659,485.86793307214975,682.0862249955535
0.248629543874467,1007.0151135325432,1440.6855987440795
0.31038461402147,1149.1405015960336,921.4874517871067
0.0211215459846539,398.0132448449731,209.8289410090074
0.392706872100712,400.51002725586295,169.22379266098142
0.00930145101745454,191.74195983074605,85.3010922074318
0.508569045844898,79.86259153299034,5.726907134056091
0.444585021273833,800.368329372257,775.084080176428
0.398495762695378,6997.6368535757065,8849.530737394001
0.243314313874651,437.5950909629464,453.0687202354893
0.475873159319357,281.784242445603,293.4847749788314
0.458740871067568,2801.7642882801592,5205.81843713019
0.252822888145786,362.65026768669486,235.8962563900277
0.0825968208284709,422.3775637559593,183.0072601158172
0.466778101006589,771.0366588011384,452.4622234273702
0.291365143100543,1015.0314501672983,1796.0245318608359
0.63567213419464,12.39289215579629,47.09582995483652
0.262665068186192,370.3538192547858,136.19131277687848
0.274888982496045,541.9427370578051,1073.1275485986844
0.210238873837769,325.8155332840979,222.50573324412107
0.0364721443429506,139.77204687148333,52.73420430999249
0.229634971098494,526.3637017868459,49.30927740037441
0.298880318129092,689.0975854992867,579.2967931916937
0.17998622965593,1154.5807002782822,673.8962515676394
0.568149798954932,1467.4354411512613,1938.1520843598992
0.470855389837472,1422.4226596057415,2656.247887045145
0.117682054992875,396.2299420880154,274.4038066715002
0.677126709314998,78.21714993752539,12.350364208221436
0.291278511393154,1043.4757939130068,1732.7737907920964
0.230850542111448,710.7555706501007,314.98099887929857
0.359577169704239,704.4414597861469,844.96717582969
0.29544005180201,361.84086753055453,643.567879145965
0.289855861391239,219.40927047282457,288.15753494296223
0.335916752669142,510.64031574875116,557.2181175816804
0.00800106328353662,267.27597333304584,284.7407025555149
0.317315510938272,884.3957664072514,1102.3585818400607
0.315192896082939,1195.3136605992913,1044.6196724306792
0.293555703329415,1338.623834952712,1080.165695081465
0.223699365336493,545.6147502660751,885.655279841274
0.012301471692311,0.0,0.0
0.200740681449607,372.4185034185648,295.77855274640024
0.23302018884892,572.9251785129309,703.1196909677237
0.239765943483815,1135.9417442828417,1853.488722990267
0.0197995162668031,129.3421771377325,0.4342138171195984
0.467769719307465,350.41227396577597,682.8020278522745
0.15820078780458,472.0014544725418,258.3890427118167
0.369160271270583,1092.4625119417906,910.5786886140704
0.385093454176692,771.5682670027018,858.083666484803
0.409056568940118,681.4213009811938,660.8045227918774
0.407741523480675,86.9820416085422,175.54549141414464
0.222512974109587,60.50955055747181,24.1593868881464
0.659686448211881,97.36937757581472,127.58129981067032
0.109957438866947,235.1549482792616,90.55251056142151
0.479918239675066,270.54680690541863,248.57177534559742
0.415450046276796,861.7116342447698,871.9918805211782
0.40472458071292,817.4407819360495,749.7105013802648
0.151267827072925,157.4022825844586,116.49570637429133
0.0901020255527039,273.73093985393643,265.16787224123254
0.335846546489852,1099.4952523708344,1271.8180825030431
0.000535640715049669,432.1459366977215,374.772701558657
0.00170351149191993,14.64548835158348,62.72096733748913
0.0984876218788854,2.401814818382263,0.0
0.0365629977942755,23.99235963821411,6.513207154348493
0.164962774256817,153.63599886745214,46.026663744822145
0.00452549455127394,10.749802097678185,5.234857365489006
0.00450516632696254,112.77587517350912,118.53568712063134
0.400890637580743,122.02677044086158,124.18565404880792
0.0576961882158004,158.49961971119046,182.37408538348973
0.369874737957123,401.7979366257787,480.71545304358006
0.361646580936337,462.23863735049963,751.1649655550718
0.448227772583772,2270.2867925688624,3797.1458927690983
0.289243093216091,576.2046458795667,738.3575085997581
0.0150587296805535,161.42362100537866,524.9254672322422
0.12121036448117,171.49127446487546,368.6548774437979
0.469352942827825,119.29134609550238,196.63916174136102
0.224401841006872,173.5579117499292,166.7217665668577
0.663154896961446,2676.501963980496,3966.389973101672
0.190575176744895,1592.246716786176,1273.9136307374574
0.460110514100708,241.13060769066215,609.2032863507047
0.453091889514607,136.1580130085349,90.16187033895403
0.675055228756675,442.4281907528639,927.2666177069768
0.360862931860281,345.39019640535116,497.2654928257689
0.450708668633474,262.31419699266553,59.36696319282055
0.719088208862228,3838.43145917356,7652.496598904021
0.494311901688419,81.11388982459903,44.33308841474354
0.412129919441832,129.81216386705637,25.78676312416792
0.000476727485127351,316.7544674798846,135.21273070573807
0.277804159315245,766.9857014045119,295.28064964711666
0.304877816728413,980.1530590131879,1612.2312428057194
0.38208611668115,207.00590884312987,273.63274227268994
0.0539666720495305,104.13880490884185,23.14860480837524
0.0770912683791384,89.19279655069113,30.15070296637714
0.444660581803188,96.4859810732305,5.0473839193582535
0.0216538726744132,314.6859971471131,90.5210792212747
0.0887564341208958,253.42387369461358,131.48878411063924
0.438461365957435,1078.9441900849342,1301.8417389662936
0.798006647375122,1145.7954606935382,674.9209004915319
0.892064615994975,7599.9397199600935,7762.251279800199
0.315642734267251,4016.5252400785685,6664.6368037145585
0.00738946670174409,314.3712402898818,180.35619941167533
0.00586528938455916,223.57727755233645,150.16772225499153
0.174606971700267,304.14983532577753,428.0914995484054
0.258673106979188,179.94999129325151,165.28657458815724
0.432738558742095,349.77974247932434,522.8997912034392
0.233122915612034,219.9033574089408,147.14315164089203
0.0962897145736091,203.08035196363926,219.52623161114752
0.401028659292366,352.38074212148786,519.6515345294029
0.115340824380137,1145.878570523113,1463.9925600085407
0.0172290819434292,1367.2684915140271,142.0096035581082
0.00532717613746118,310.1250902712345,35.7501355484128
0.550774945014199,350.4062907733023,513.3462578891777
0.52332762322612,410.8473891876638,463.50061525031924
0.125923709029193,621.7015773877501,366.0258359797299
0.474226806051149,1676.8337997160852,1486.7112348065712
0.134369508482361,1288.687866780907,1111.4664352536201
0.63703266177798,25038.563922971487,26225.61267230427
0.338518775765712,4215.03769607842,2935.336885916535
0.0801412855024762,236.19704500585794,685.3494614120573
0.0465612234991385,535.1079155355692,198.24403599835932
0.273666701438423,579.7787758745253,631.8509329985827
0.238567703265313,1215.025202959776,2045.0984309893101
0.235801637833876,806.9830122999847,927.7574201114476
0.241773861728689,316.5025149472058,288.2364566884935
0.0304700686968689,140.0468628704548,37.102977368980646
0.152218284576376,247.19240832328796,265.57253044936806
0.00969421988088064,316.2191435806453,173.33826187252998
0.0367227564889946,205.28323562815785,97.89701537229121
0.3339916077302,297.7707218006253,459.69767302647233
0.319221720180835,657.3216499760747,478.6809724923223
0.338571076223009,5813.931752316654,7215.548355340958
0.0440145375036259,343.5095483288169,63.80168632976711
0.412866907731819,243.72023974359035,379.13994085090235
0.236872278693556,194.4694791343063,206.37160631129518
0.0209745853295414,154.2508895508945,253.19101229915395
0.000601044247867528,204.43928808905184,236.73539739707485
0.740214557301537,773.0472489744425,354.01277501368895
0.767087177707133,14284.476242810488,23399.164922389202
0.438326975687405,1948.5519084334373,2353.914578715572
0.270606496543015,880.1664348617196,1111.911555830622
0.0671941922305773,249.77805095538497,255.22357541602105
0.050394615614811,394.1647125929594,548.0264951018617
0.282682401486592,1318.486006245017,2395.0018600174226
0.0399593479384706,2922.866783313453,4706.122058380395
0.184260268899624,1025.4975861012936,778.8087643440813
0.225175240612793,497.31264984607697,977.0031281448901
0.0230068241721552,319.6436846964061,307.3107781987637
0.22566762011011,1615.887812204659,2844.175438862294
0.304066562429317,851.1576995700598,716.4543084017932
0.00891010243433885,188.55413177981973,136.73294358607382
0.294943746721714,196.9245683401823,166.62936060409993
0.404782300612987,355.3831401281059,280.06243631709367
0.0333763690659817,246.40907871350646,212.65356406848878
0.314003154469145,233.27155359089375,221.06419776845723
0.095374147650541,781.891566157341,565.9114527851343
0.316597967302006,3223.0176593363285,3498.184775052592
0.556354815058922,1751.4082649946213,2834.375271721743
0.710208710235256,1336.1883538216352,966.9993857266381
0.0256694544804808,1085.3561342954636,705.4837179277092
0.486214138040773,78.51758111733943,96.67409629235044
0.117912116505303,182.65458110161126,150.44173528440297
0.144003794855264,321.72173216566443,297.82860662043095
0.740552946375127,842.0335467457771,680.4787819581106
0.622687900511906,1919.0703344792128,1403.0536790387705
0.43634005338909,574.4558268636465,544.0472877703141
0.287549688432567,815.1415326818824,1028.2385430475697
0.224026407225058,530.493690494448,525.1995829669759
0.296192427571044,672.7926193848252,1338.97382495692
0.330209063900366,1539.6448658257723,2155.0299873617478
0.398759279340591,900.3918913155794,987.6976904943585
0.407289920686626,4377.261276431382,3562.397676700726
0.0997820287955367,89.15336808562279,310.88361415825784
0.0333511637744591,748.8837437406182,487.0613394137472
0.0275428131525192,412.74810690432787,338.58560342155397
0.199629468924435,491.43724554404616,688.5656382571906
0.0468422173759751,530.8518909849226,732.8774862643331
0.175805820094383,339.4002093374729,514.7493514344096
0.333945672632487,358.149041313678,1006.7670501749963
0.305006396627477,184.70302473008633,270.3673030966893
0.427599126159237,238.7535125464201,382.55678604450077
0.414926732965532,527.9451567791402,764.9367735572159
0.0747372136941924,324.90710221230984,125.96746888756752
0.241390461593507,808.2292357310653,740.7540812417865
0.318454027124579,3169.7423411607742,6341.104454342276
0.418555580221823,2622.132597476244,3685.725293596275
0.567272220741956,3781.777213215828,5797.468928745948
0.452316449404462,2560.192779317498,4949.054747857619
0.0322064740427843,143.60251461341977,42.04935706080869
0.308375724086027,726.9435945376754,1225.3572324812412
0.0021120768355025,286.497942276299,68.2297730082646
0.43884727178676,606.8828376196325,423.13821451272815
0.721860061706421,379.16707134991884,311.02309235651046
0.493008953911736,4201.5152580700815,4104.5675269262865
0.780250354284183,3399.8382120653987,4332.995479937177
0.350370614816747,462.77427340857685,642.8008012226783
0.422966748211485,379.31060753017664,751.0932839042507
0.266145321345929,557.0538288280368,834.4623466394842
0.178960211892136,453.88674376532435,516.7098751887679
0.0152794460606723,404.6776468157768,213.60370515286922
0.13514518434647,505.9306765124202,146.50964932143688
0.270241901627701,362.79581942781806,188.84465002082288
0.10022995598389,290.9242722429335,316.66454503219575
0.247774924503653,525.6900515072048,882.6372831603512
0.357907768152732,2512.3324953466654,8790.042793471366
0.318796951546171,1575.5641953349113,2987.597165534273
0.0290328266015155,723.3002922683954,815.9673093864694
0.248102216830789,1937.659180432558,1855.3879610914737
0.182629419092433,1346.8800667524338,1382.579252222553
0.399077282128946,2120.7090393453836,2822.0673377774656
0.485552641682475,1671.444048345089,3718.5231792833656
0.329794113900315,736.3292027711868,1123.551103061065
0.514696661569315,324.5702477172017,272.34319239575416
0.572995843351151,1416.4934469908476,1233.8484265357256
0.496793934079568,2123.952798344195,2878.6443238668144
0.416038567292419,1310.2005537450314,1200.0028751688078
0.490943918686544,1000.6000594422221,1250.4275174736977
0.0398748646998385,210.8365188650787,115.0964881638065
0.761037225971179,10456.937057852745,13906.357381649315
0.102564125654753,822.1515819504857,1089.6360601196066
0.565372366646128,206.27501611597836,74.5080418176949
0.52671736592073,160.79709013178945,210.1561302281916
0.0605325135026941,136.55185019224882,88.96251348033547
0.585538933952283,175.88787467218935,189.5062980800867
0.00437368763091788,505.38812385872006,236.5033742338419
0.194326183361165,117.30497987940907,220.5632485691458
0.00709467306871919,361.6881550848484,440.45781180635095
0.00369031407180049,463.90795148164034,207.7708155065775
0.0536621713078942,362.93966227024794,134.91487998515368
0.293754678025533,333.87621834874153,99.62417877465487
0.477804983037093,340.61109594255686,183.6918541882187
0.00810034024626828,390.1827404201031,291.3214135225862
0.0168140124224622,453.79839956760406,267.8228248041123
0.0956804797038463,716.643747702241,528.5450643636286
0.250389666739018,1135.2143115997314,742.0787565093488
0.297194240546401,1046.291732877493,2064.0625788029283
0.246459682675091,1197.8859005570412,630.8221505116671
0.24175725090761,1537.8647882044315,2233.119596310891
0.281219702332458,3040.1291660368443,5576.295574232936
0.0327086810666896,2088.5106701999903,2222.0560737214983
0.769150562491572,415.7757937461138,224.0917695586104
0.0318321144472057,365.2352881282568,166.17879985738546
0.0322396558254116,1253.7248613983393,1137.8900718786754
0.561053509405311,11419.545662879944,14875.26509489119
0.716660123446441,26941.97189593315,35703.955763064325
0.825569524385988,2420.728763796389,1902.4895220776089
0.775035279040134,1049.6442318372428,535.6547708222643
0.59164204570037,1145.7780594751239,1331.3854919434525
0.633918960617647,306.9952444806695,333.3783480185084
0.159550123481028,153.07425916194916,81.30826074164361
0.0105376444800083,135.02321339026093,21.54592233709991
0.100597430643059,217.06587192602456,152.744394633919
0.383722533616012,236.46131372638047,147.13892531394958
0.0301117337241962,518.9057328421623,228.4081149585545
0.220347876370051,401.043428465724,1006.8245545122772
0.370097155988319,289.7512912489474,225.55777427740395
0.0046115090095585,280.18856570869684,81.81127376668155
0.309464666262896,488.9344195574522,356.82405119389296
0.0105793513419359,195.2745385468006,40.413099866360426
0.105028760793065,549.1176904216409,933.7016588002443
0.0011183222897984,567.8333912566304,294.3342768866569
0.279131606566945,429.64942445605993,309.10592203214765
0.276051706958693,733.1816160231829,686.113291637972
0.622753199370358,2055.811320707202,2753.7934336373582
0.157020679818218,1331.3854684829712,913.4801105433144
0.441961522590159,4113.226961493492,7448.225973133929
0.453824869087065,23519.045237898827,36200.34926857613
0.12524671651167,4432.465368792415,4053.564895276446
0.614778717368741,643.6164327412844,981.7873316393234
0.776243254611286,1489.8747536689043,1612.731217963621
0.732196784470289,9616.68178832531,11274.09850735357
0.751544062759836,21459.83680856228,24085.424115160014
0.761971176435255,17328.224921792746,21460.212892142823
0.768032146309217,3849.7519874572754,4315.820566072129
0.509148082363536,1195.1383995637298,1488.9123011217453
0.578615921664083,392.22118850797415,647.9994334755465
0.0312784888728402,278.3719015941024,156.16910422593355
0.0120174736818173,276.27946750447154,78.8886182308197
0.0118698472120456,226.1722256988287,60.78824647702277
0.4390521909626,295.45881213247776,353.10927136056125
0.397330861887743,469.7996169999242,646.3106447160244
0.295534653252045,312.2043013125658,162.81373930349946
0.226268194170786,832.2823654562235,2051.5054018404335
0.107410119023168,409.1732489466667,139.13645909167826
0.135907389584657,275.1074338853359,227.1656393352896
0.285873821450246,165.7525311820209,56.13581684604287
0.129457505637475,214.8795918263495,167.54477409645915
0.218220111420237,153.5496628396213,125.76278983801603
0.237595421331405,215.75670527666807,148.2178415954113
0.000769371387498393,268.0355989150703,74.12885712273419
0.228485832985522,168.14914405345917,38.084782529622316
8.13082606854403e-05,1857.7572581768036,778.230776021257
0.0530095412040606,4087.728702157736,3195.615556405857
0.647658743526452,2999.6953948140144,3953.45984008722
0.833799861001763,8654.39928856492,14632.525845001452
0.00188594943616982,448.6163036003709,1.6905469596385956
0.607417102654377,994.8579847663641,1070.9830239773728
0.723313351800522,1488.639253526926,712.1184133151546
0.532661115852366,9021.204344332218,11266.760402436834
0.570611597512832,16335.275024175644,16712.77656018501
0.822335729930423,8612.32485422492,9067.155790748075
0.785283013651555,5518.496310561895,5654.949169378728
0.545204068225566,576.6318608671427,692.4914688663557
0.540852150495547,4703.721774958074,5401.782747249119
0.378676996855605,1904.5717632174492,2019.0095496466383
0.366804843791457,630.9307152330875,587.3138202596456
0.0103458878718912,235.20525807142258,5.316775523126125
0.29333693200512,191.28617131337523,311.4314457233995
0.00849578078991151,214.4419443011284,220.7758362647146
0.00083159419659204,1115.6996457353234,2078.719314819202
0.233354636886503,2585.2300257235765,3897.980368135497
0.517382606551205,143.4576250165701,55.39637731015682
0.305474530992088,189.07243913039565,176.65003340505064
0.0977007794562435,138.23983136937022,87.64900907501578
0.196200549121611,149.06976256892085,154.5067058429122
0.00928215091897731,120.12744609639049,2.424928056076169
0.240878060686327,337.95886300876737,390.2133978623897
0.00929240084541694,711.4883086755872,311.87236486002803
0.245195375996063,2189.022793442011,2096.9387948699296
0.247155071219736,2098.9111163020134,1434.9038297235966
0.410277744526268,2731.3269568383694,3171.7848985958844
0.350374167155343,4295.353953659534,5708.584243169986
0.14300287105246,107.13887833897024,206.59735401161015
0.000321280182757784,1061.990521918051,601.871792122256
0.647688859304614,7375.7901348769665,7971.496235544328
0.863792719425219,27781.72099673748,38881.3442413751
0.545753832866206,10110.87992733717,12994.827308262233
0.484624282205113,4159.232766658068,8352.777853785083
0.457591323258329,1003.8597176671028,1216.9094535056502
0.618380696966154,11001.860222652555,14350.31370537728
0.549434796572276,4604.900810524821,6882.676993934438
0.0141005197788443,447.23902030289173,103.45503747742623
0.313944134442873,265.2516072243452,85.71866048593074
0.169632677766982,532.2946749031544,773.837414314039
0.225592632712471,667.7270229011774,341.67039822787046
0.247026638629093,3345.503653049469,2685.0085790436715
0.11356875395756,102.9876051992178,142.7581913024187
0.711366023922908,101.94730807095766,12.345747351646423
0.0151755881304526,123.5580881498754,3.05339926853776
0.00237297466639904,306.6640241108835,306.73993474803865
0.228499843990378,971.4971035569906,1043.9621373545378
0.229573744963377,2332.466234833002,2762.2415714580566
0.232058421943639,4483.3249996602535,9852.768681399524
0.20694143844851,1513.4200157821178,1055.2197449514642
0.395206258760339,2107.3845126628876,2495.098536103964
0.374689784284698,3514.7879890352488,5691.631730338559
0.00334645785954362,1036.852682273835,555.8954775445163
0.7067187694763,85.05115417065099,8.894606431014836
0.643793858190917,6793.76878169179,7375.3194286902435
0.815137671008419,16421.739194750786,21494.512279259507
0.790720291632355,20577.600682497025,33839.7611461482
0.465894514365879,34877.36224985123,66044.57386608794
0.34644209892257,4271.831369400024,5683.16632448975
0.730687657701809,6295.172786921263,8299.581420741044
0.791795487045541,1408.675155594945,1334.3386292867362
0.499865679091169,371.2775806821883,1349.6860596071929
0.209136415570521,154.57268650457263,177.74457414261997
0.0465186273474827,247.22697941586375,253.14430163614452
0.0312876046765224,443.02184615284204,241.66491104103625
0.176634644092724,667.6591246053576,499.07576151937246
0.170108253010371,111.81023034453392,143.26254006661475
0.184133901671236,291.68476301804185,327.82715164870024
0.246998841798029,1512.3780478686094,1378.3152584135532
0.22204926466204,1139.5095110535622,1430.319093670696
0.254035154163155,1795.8786359280348,3704.422372803092
0.192234967748561,1330.886425793171,1907.8253071643412
0.250058437579155,1817.3625002205372,3011.132703723386
0.0196711839833344,829.2657876461744,308.9585751602426
0.00712965572643947,1068.938814431429,694.1095170113258
0.63667674722351,4098.262276798487,4348.446705284528
0.57984762672673,8292.434997022152,7842.918293837458
0.650431674525788,47825.53445374966,112801.91262641083
0.684754278226511,57039.56866502762,134635.80336241424
0.811830718856946,10207.978399574757,10192.066556906328
0.53894070827719,2991.8513191491365,4267.278170837089
0.50204154698521,3160.1072904467583,5900.653811122291
0.499648419266598,828.3040378540754,1227.7244272045791
0.135800032046764,416.7792823128402,619.2747726626694
0.00184936461072864,126.72818001173437,88.01261143479496
0.00495579553469468,269.5478181373328,99.11456868052483
0.170986923137565,587.8737239614129,480.844097211957
0.194186012623132,1171.6784279420972,1625.037161380984
0.12693525912699,663.5064220651984,741.1694959029555
0.589819850588142,451.0269056633115,742.1827756278217
0.0524960700931768,248.0221440140158,63.25630467198789
0.00466395361607228,456.46942944452167,79.57683723978698
0.180491696235141,1013.1490825489163,645.3078919332474
0.180712272976131,822.861008092761,646.8637182014063
0.209533658833697,1031.6631368249655,742.8214858062565
0.158621345226527,623.4264933243394,497.3149026995525
0.652887500985627,750.5493584424257,1273.002558849752
0.754497626966269,841.196188156493,999.0816222098656
0.518335864803104,240.9562167255208,78.9250655961223
0.304347161649358,2289.739866318181,3928.770053216256
0.303822623892067,3908.7557619810104,5758.31985484343
0.537482884394016,9639.695966541767,16283.502615026198
0.744479210525214,43874.54989731312,71119.47120339889
0.678732308937354,51935.41208744049,69229.68910866929
0.804507734750572,9981.538056015968,10472.177810677327
0.415797735219778,1250.1463768482208,445.68865569029003
0.514211913435001,6302.987446904182,8063.685011458583
0.777828445665961,3079.5517268031836,4691.303177591413
0.0167608910742695,310.51228111051023,299.1831935122609
0.365885761984958,187.37613104097545,39.374147296883166
0.13232587052306,288.78950482979417,605.493394497782
0.164288340215033,1201.809595040977,1119.7301674652845
0.286175334782254,1775.6156714260578,2848.9207899058238
0.388598874574386,6142.814140081406,9061.707029681653
0.0297075590383274,312.5194189399481,599.010527507402
0.139460773204675,101.12266885116696,48.44107056967914
0.357009382983577,39.19661865849048,48.9078981038183
0.654556889080928,78.49384516105056,81.17341657169163
0.382648968474235,200.74667105823755,39.56928056105971
0.0207553847977903,321.1725410670042,93.97159571386874
0.243695898391182,1125.1048618331552,1064.4300875104964
0.268347497443918,1651.3441407233477,3572.4917988013476
0.29180608518112,953.5257406979799,2146.3106233030558
0.208327001613268,640.7496077865362,1092.6796921901405
0.67430440697968,211.60555107984692,424.1541982840281
0.00708292927768069,791.1323434337974,833.3957267496735
0.590427579927394,8513.74159437418,9838.672776607797
0.80111613632896,47336.47420167923,60541.33463011356
0.734195184885032,115564.51210021973,147022.70173126832
0.652190914111618,55369.433365404606,72459.15426841192
0.591006010551717,3482.026161313057,1195.7877035504207
0.64911830895791,5704.675050571561,7976.596523061395
0.785950607749126,5230.590545475483,4557.399047485553
0.351560835819656,581.6105935871601,418.8301681429148
0.713225496028045,676.0802006348968,1131.746322230436
0.766794100463273,601.3594222180545,867.5479110693559
0.385034007352216,2705.384137094021,4162.027449426241
0.364519752374546,4548.814503908157,5727.93814633321
0.0829742818865294,815.1520722731948,888.5073720710352
0.0594640953749293,54.54103642143309,0.0
0.0177678370326413,40.061427551321685,13.156737884506583
0.0986311559405157,46.44424662552774,31.15291505306959
0.106926929824107,165.70154533535242,154.50024231523275
0.219572956696809,1256.481313340366,2749.2650198601186
0.260925650009503,531.416278205812,467.9411546755582
0.762315148816335,4841.475223015994,4016.5108274261
0.620985125708327,29681.45047467947,35961.604523668066
0.754987890090315,67348.87100028992,82744.53307121573
0.781428464922859,175352.38522529602,237809.67491731793
0.723788202510117,65381.972509622574,88280.61709409952
0.618110580434716,5768.029786527157,4684.825274992734
0.620867847586619,7333.249093323946,13380.061792472377
0.828784990997647,1545.258015975356,2219.447778065689
0.748473389494232,1498.4896947741508,2051.1939659882337
0.687079198169122,1658.722994029522,2899.646842994727
0.52246605505434,1618.4309009760618,2811.7125438880175
0.0814997522442888,1365.209449827671,546.7606286853552
0.0974336769410892,155.53021460399032,25.623091802001
0.393038046845706,43.047337112016976,11.367234945297241
0.0204196598051826,73.01583865843713,214.87850315868855
0.0308463857080353,287.299143159762,204.06096463277936
0.193836446703774,716.2723370939493,1100.9734497368336
0.254161114158702,2183.342605471611,5604.160434514284
0.196465805840772,731.9900256842375,738.6810632329434
0.012100559048788,190.07426289841533,8.797190042212605
0.843914438091106,16382.182223796844,20464.59566731658
0.839557791392059,52284.320890426636,63061.75122685591
0.75764498874281,111548.35751056671,158141.18909119628
0.870934909408568,63039.66702759266,83361.82141217869
0.0346039008545874,6802.764606207609,2356.983624393586
0.579037893801181,6746.325900241733,8668.406388014555
0.784507533448818,2858.2358289957047,4134.625225611031
0.679768407049224,5783.857454955578,6941.648892174475
0.470903062691858,3862.1957501918077,6814.369232321158
0.0923510936555713,373.23535560816526,97.41220858693123
0.793894673675923,823.2247388698161,1361.6820511501282
0.242527871149053,953.9931537210941,966.9534509284422
0.0132444246191128,589.1865613684058,112.2499628411606
0.536111700363671,324.3630897477269,273.8308122269809
0.0359543613891098,293.97535881586373,336.62847796082497
0.0252596208417821,709.4110450968146,463.9345625638962
0.308478105411351,1130.4072421342134,987.6493584513664
0.283240988455411,1550.5325386673212,993.9167030602694
0.160564269250477,1088.4567966014147,545.7397318836302
0.200657587345286,1244.8722125291824,1773.566812088713
0.304155308947139,1922.6514857634902,4362.367906784639
0.51638072975277,499.5391299724579,284.32709301635623
0.517530687648479,192.3772969916463,4.852109850151464
0.00234073194615815,218.22799731604755,0.0
0.0268631900003831,1056.7379274144769,279.33781783282757
0.63429269541449,4510.582494705915,3724.282180211507
0.797135034028389,24167.714029163122,25129.54770934675
0.46115636547179,38676.984032571316,45607.020198091865
0.573854466287038,13002.760356247425,11976.072601761669
0.297921752860853,1128.108446314931,1370.0015748087317
0.808444059134127,1049.6769745983183,1466.043443559669
0.419466512001161,543.8771800473332,674.0109399151988
0.598717282385241,3112.9588158018887,4911.842087092344
0.266500840414106,131.92418563179672,17.585299108177423
0.236713276931981,590.4595521241426,1317.9630993297324
0.0101634058202456,206.7558923996985,174.2041743323207
0.0703372997315553,296.3331407420337,363.4219440333545
0.024793076155166,193.6377724520862,148.4418087527156
0.203536651667465,1079.7724767252803,1822.2671010531485
0.0700791997010852,983.7091122865677,829.4394933003932
0.178051617659575,1189.3409222960472,1373.170740120113
0.228452592878628,3007.4538702964783,5507.770123939961
0.202943394714817,1816.118564993143,2133.7669466603547
0.565466944925813,1280.7395601365715,918.3004542058334
0.00499544197006672,320.46087501198053,4.001856213435531
0.721522101147648,329.1993211209774,0.0
0.063106709037669,595.9543586447835,89.1108721755445
0.454266442519018,13831.731110036373,12913.516853560228
0.739253656070762,87234.59301900864,120263.5105588655
0.553219720044964,15991.641979008913,13394.440388491843
0.00646896020824919,600.5665618032217,365.26735525391996
0.262439197013969,194.50159965083003,117.80451738834381
0.373627025631702,672.6268527619541,2154.0190142062493
0.347809718738933,325.8713810816407,784.864509453997
0.00873134941799713,68.9170096013695,17.73002448026091
0.032212797105554,121.18400405906141,97.64985536085442
0.00415603030372753,105.76269722916186,53.41889067273587
0.252550885867773,208.5867101661861,63.40718290116638
0.0312102628063596,1.8208282440900803,0.0
0.160425311683942,107.81179443374276,109.26931018009782
0.306069647925773,148.20011338591576,161.74812475033104
0.00839548394183551,302.9299639426172,169.4496096558869
0.225545742119515,1376.288832500577,1129.9088591337204
0.0240877049914186,711.8832709118724,261.34047685656697
0.576890988178484,1063.2446042597294,884.5145580023527
0.200320176996164,1798.7564131766558,2253.602231081575
0.26609742836263,2918.684424728155,4148.364063251764
0.607173677068448,1888.0952596664429,2287.2148694247007
0.378612008937566,1787.320251211524,1093.7370716435835
0.00010383899541621,507.824097443372,35.526054836809635
0.770356623414678,12521.84095543623,14473.193225512281
0.759445212718054,21851.460468649864,21622.542480664328
0.625997494977942,18083.79863783717,20628.738756787032
0.369034032042063,2115.3795837834477,3261.62785436213
0.108465838512249,243.55450636148453,530.0955787375569
0.302037665829454,106.46762720681727,204.3705330635421
0.0728558944125284,80.55107055418193,200.21225689491257
0.0176334324160305,113.20723163336515,9.006450287997723
0.0348875046681886,171.53921657055616,164.1339900516905
0.000532669920185439,108.67446640878916,42.66647117910907
0.22900519697232,222.42002786137164,382.47560979845
0.245992511867257,352.5887871235609,647.851279518567
0.021012691744872,0.0,0.0
0.0145437673194892,0.9694009479135275,0.0
0.129018962942692,123.28766801208258,73.64792596176267
0.47458212246918,98.43936239928007,65.50868757255375
0.253746718765627,154.46043222025037,463.8313857335597
0.158712485197497,235.43247095681727,147.34925173781812
0.355452912863181,658.756215468049,439.9086300591007
0.149817621389307,822.3389565199614,679.9277096586302
0.296436612328314,1466.4636322557926,1261.4412239734083
0.305358085019302,1826.1820277571678,1682.2159106452018
0.355053364879598,1646.5991886556149,2091.3408201867715
0.455542331744034,2016.1673631966114,2752.9711043424904
0.347648178846558,4770.841576874256,5656.309236411937
0.331647009435283,1210.2005624100566,1493.489788404666
0.754336052252708,477.54141411185265,249.57406760472804
0.0100373816791787,115.39899713359773,9.830186359584332
0.111108612791155,483.2231359258294,276.9568246677518
0.703921034145672,8520.220968157053,12190.40232811682
0.533204894773526,6677.826217889786,8023.73669377435
0.490332897501208,4922.150622531772,3988.5671399910934
0.557074898905088,2800.0803668797016,3061.7585657462478
0.338269252128303,147.88391010463238,179.9821237172
0.427365130552404,132.9684675615281,43.116637472994626
0.252698748390485,191.85277466103435,208.49546772567555
0.272785052645394,186.02581580728292,374.9456422976218
0.366596628455941,233.36380027607083,236.45697900187224
0.503271787181971,270.59833320602775,360.2367952163331
0.27758929313926,222.91655725613236,336.1887968759984
0.0330743627818094,53.320830849930644,38.66833271458745
0.134664167811376,140.87460833601654,100.00260231178254
0.113515065801143,535.8726146407425,232.41918362304568
0.0283718801479793,647.7556245401502,748.9287084219977
0.328428735458503,1402.2812589630485,1381.7202918101102
0.244594672998267,1758.2518320977688,1148.2999420864508
0.430727394815545,2214.1939410865307,2219.1020471705124
0.54937660547855,4233.590359866619,10415.286067004316
0.684742788982392,23311.99900650978,31482.515768343583
0.294274239793848,1578.817840360105,2005.4902580715716
0.000131162503660517,196.66401930712163,80.57810197025537
0.248680107180294,285.5970033444464,219.44240260031074
0.523923898179127,5511.9366137087345,5862.110904224217
0.384102118845696,2858.3250857144594,3138.6562689123675
0.365206160999227,1712.1875242851675,2234.826778391376
0.00633772344784417,295.9587914906442,84.69835552293807
0.491397464479714,122.64003035053611,57.258139302022755
0.546661720158061,333.40156283788383,663.6395794632845
0.436295779885609,315.8859184999019,533.2945000766777
0.0516123491703878,539.6020194627345,857.5522833862342
0.125244074909014,230.83958971872926,81.58480119844899
0.134578414611227,246.2350728996098,345.01052175695077
0.102622430245922,274.9099143091589,348.59297894639894
0.243907978801754,66.82710328698158,7.26606485247612
0.000785269077663616,86.09437145851552,180.17148474790156
0.00236399363363402,50.24097563326359,70.33809389919043
0.0682449227865536,65.5704019907862,35.48666772432625
0.44176260194059,351.1963799521327,158.94019761215895
0.270304986757564,529.0688827633858,435.72172938939184
0.2206117414638,2750.9246006459,2456.229153154418
0.335383352167556,12792.921518743038,22555.15158801526
0.254498736179189,6634.541650891304,8426.466252298094
0.309664567834532,4283.719042778015,6724.27128517814
0.303154817645355,5627.483432143927,7801.934815535322
0.0781578603154062,677.3126899451017,439.1879127472639
0.00775724643696526,139.04504407383502,31.814094782806933
0.70025551871235,604.0148964002728,860.6229329872876
0.726913123345575,4819.411158323288,6389.010503466241
0.423894252902193,3307.916219651699,3708.957510667853
0.448210869765086,790.1358413398266,461.89633392356336
0.00130110747113567,199.40920934453607,111.64360322151333
0.0501976209707933,99.06721931695938,71.07090583629906
0.178600670199156,164.54040538147092,85.36865302734077
0.457339881647987,343.16026033088565,418.2446062359959
0.707533575665709,1721.44678311795,2408.320760432165
0.341571741199894,4824.627694815397,5341.735705250874
0.201916359456607,2890.5943606495857,1923.8333801273257
0.00169087766362879,385.01684515178204,58.339517201296985
0.347469055078797,2074.618626974523,2373.413447059691
0.205886523568129,45.965470276772976,24.10787152312696
0.117907552817909,0.302647078409791,0.0
0.220782336699471,8.396850971505046,37.030706807971
0.00469095095936385,74.38417279534042,161.3858231883496
0.000271881879057233,48.890166498720646,1.6940881609916687
0.102101386772896,51.3959257863462,4.157203052192926
0.0180976122142727,70.68467806093395,70.02045375481248
0.488795380595488,804.4668945483863,778.9557851366699
0.1313460170212,1722.7519875019789,2483.072722742334
0.193882618150447,3451.0380278527737,2485.0975316762924
0.174716031046256,3420.599465429783,2798.490729276091
0.390140333468532,2363.8617134690285,1198.749731220305
0.07561048861691,2019.175654321909,1668.857217611745
0.431057263957321,8852.442294806242,14868.802520647645
0.10696767564105,571.2042282149196,315.47465525195
0.00110443492994658,248.9522237945348,84.09665821492672
0.0127433627902462,145.59469759278,127.44174641929567
0.51350428089855,1067.6107102409005,1209.3651131931692
0.653883861260807,20217.290912747383,28017.888817330822
0.355289123660249,2140.746882274747,1365.9208947615698
0.639676318512139,2082.7973949462175,3211.107414250262
0.0810627101881547,160.88853153772652,16.694475889205933
0.0185047002826809,182.05281903408468,217.23368232976645
0.236678653676692,379.77898548543453,386.8324624649249
0.262041379386194,392.1692804209888,75.725117132999
0.253986467928951,3186.9703969731927,2382.189990006853
0.309378636800148,27093.952490866184,38247.71084852703
0.485578797311897,21419.868756711483,24414.85628707707
0.159634159975647,1025.1306945756078,757.2839786801487
0.662571772070656,565.1370063945651,384.2189454799518
0.0251207895073487,274.4659438058734,0.21064648032188416
0.188394738767291,209.1844502016902,70.45009744726121
0.231348083552942,36.51792286336422,7.5213186903856695
0.0163162328747902,0.0,0.0
0.462097272346986,49.06245309486985,63.719955476000905
0.0535039832297285,18.670190518721938,32.85639411024749
0.485619625706936,595.338281545788,408.85990971140563
0.264059911975807,1183.708224453032,912.856141993776
0.219954207095643,1041.8091933429241,962.9815490040928
0.172067549452557,877.7503811642528,686.4460223969072
0.507328014576065,1337.7214945554733,1347.2904869560152
0.468355103610536,1990.790664985776,3073.6184364845976
0.328192305477558,920.6623699739575,1061.0863671330735
0.51538506715404,4899.458322703838,8026.802410573699
0.291147035557046,2629.2709960341454,1874.900769295171
0.41970651635044,2336.0945283174515,2600.9059611987323
0.0912502135111972,445.48702589422464,449.4820329491049
0.533782899203506,579.2984868213534,502.4854708528146
0.536614914403475,1630.0932099819183,2056.813628357835
0.418547711026504,4176.834730863571,5640.36385584902
0.316238813358545,842.5360339321196,499.7820487152785
0.218805655841246,504.5766980163753,1258.6399125535972
0.236498060399487,307.76854350045323,238.59497485635802
0.289654390759075,411.38040416687727,388.74099135864526
0.31447701851009,1601.3299691304564,1672.1732446337119
0.30014555125816,1470.1838642954826,1727.2301323181018
0.654115025516093,2009.4813141822815,2141.5507382638752
0.522953384077762,907.9347236454487,1235.06851137802
0.33911206099955,296.773400362581,135.11716160085052
0.362552840376421,330.88850593939424,209.85163865238428
0.289629444410813,851.7029713466763,1063.4441183041781
0.00451269729232344,38.57034367881715,23.40147572569549
0.343200222306562,53.09074334427714,38.720130644738674
0.005514512764755,55.514387995004654,22.845924463123083
0.247876550041333,12.90730171278119,8.431432127952576
0.0154213027676504,40.893832582980394,16.37247061729431
0.223442021808719,59.624681608751416,100.24097929149866
0.304090380617156,79.87441972270608,27.667643882334232
0.0395545162000753,142.7795872334391,57.82832422107458
0.011462851698976,170.71123709715903,96.0373046696186
0.366550490362531,353.06274623796344,262.490551719442
0.313846300312473,1024.768390879035,642.6519396724179
0.290543319319232,1015.7077380716801,737.7924806792289
0.577310454230576,1289.4525277167559,1043.0369116067886
0.709396435340943,4641.783842027187,5782.054492336698
0.324483755276778,3492.173303619027,3080.3708594525233
0.0317725420273083,465.94377034157515,1008.5555375702679
0.566179367721057,647.6871320642531,1195.508656218648
0.312968565790201,648.1405538655818,796.2066531190649
0.188940097393154,1190.2653612196445,1271.5697695426643
0.536915562549578,1602.6060770154,2447.689854800701
7.7447180191775e-05,132.68803041055799,31.75462848879397
0.227855286736111,107.329610100016,37.062348797917366
0.000350790695672533,206.48379346355796,48.427769830450416
0.343312914765164,1161.2628313079476,1719.74571412988
0.309525803207391,2090.424268722534,2685.4290183624253
0.490218655442412,1125.9136426001787,1581.348542895168
0.326275932264596,1351.5828236341476,1957.8362435335293
0.132592413588901,434.4576051682234,804.5707524958998
0.0550807021653252,225.43940757215023,328.0763694420457
0.287021759620807,440.7938073463738,415.51508473418653
0.231412354880205,878.0592759512365,728.7199415471405
0.000251532637484555,61.54315706156194,32.590846974402666
0.0300799483505826,45.260833045467734,50.80110240727663
0.135408759691629,108.54894185997546,185.94587819091976
0.0194954098769783,105.19807254523039,0.0
0.0747882201960933,1.1385544873774052,21.560615837574005
0.317249205025353,53.55928652919829,454.7010579369962
0.380287120930746,57.017617881298065,5.745410803705454
0.289107067385866,191.6588057409972,260.65552570298314
0.247648700970049,794.2408048734069,1195.0203477069736
0.0431840405277654,703.0020598322153,233.7361098229885
0.346269084883296,1407.4539963006973,1478.7662386484444
0.477295126399155,9076.967657327652,15493.928625205532
0.307426541564036,6406.581712782383,8026.879558347166
0.00584840920799242,248.1779390461743,55.611664932221174
0.0922668345230371,352.6729942113161,353.82436675578356
0.517898476973066,608.9967949837446,659.1017199512571
0.0776261864586807,128.6705399863422,232.75263461656868
0.0738061730343728,65.66965343616903,117.93907513469458
0.00518347450989543,314.1461266465485,11.128961872309446
0.00909227656528458,159.51938941329718,8.104564521461725
0.540646984100846,836.9462457969785,1108.4217601502314
0.450917940961622,1211.8169143795967,1608.3178109442815
0.132489785662133,537.4203634634614,234.24948709551245
0.50375698780865,389.8123147636652,554.0395131101832
0.332276830537138,740.6712555140257,911.6373437521979
0.736145084386171,299.784947514534,318.8104702020064
0.0446373639986788,230.211842674762,170.182118345052
0.829997557800286,1539.9009321704507,1836.9767799843103
0.744713598710883,243.58593099564314,288.4728527478874
0.0232681966311896,69.22960651665926,56.96681519784033
0.0253617015341331,71.94200608693063,69.46217406354845
0.255593192325366,72.75051205419004,39.68551521189511
0.0510431864868631,101.06702104397118,142.39882280305028
0.498651925937962,79.5121710151434,139.94893216714263
0.0252426847894286,13.878049563616514,0.0
0.00499212927196551,66.07035702466965,41.689057825133204
0.0797686853597112,84.58167448453605,94.91909094899893
7.53912623427217e-05,200.79826981574297,22.61677104141563
0.43039828987345,1436.2130642831326,989.8675813768059
0.205651663623059,1399.100805580616,1104.1107825748622
0.313257623051874,2234.3712771236897,2452.691301818937
0.280030324499643,1527.7123308554292,1381.9390003886074
0.00375550768906285,129.18317207694054,75.44666172750294
0.00535660146786753,77.69353982433677,48.2912182379514
0.281351090486069,310.49305368587375,1318.940700719133
0.300116170062772,120.05276433564723,245.17471744678915
0.0786146102784629,66.93103187531233,84.00023058988154
0.159312780389883,116.4447144959122,49.1232061162591
0.00254581788677619,181.39826504141092,24.183180395513773
0.294188389823422,651.8434677571058,1805.709359797649
0.416284630684331,739.7276847884059,641.5504296626896
0.11649602434782,452.35225358605385,124.29424181673676
0.522377484874121,461.12395060807467,691.9192879563197
0.357629480659695,278.6790027655661,394.83209540322423
0.0929577624678179,226.9721875116229,417.90185629203916
0.362213747363186,435.8251637518406,159.2198239536956
0.589630736862172,534.1211486421525,399.30994784180075
0.316423148374969,667.8428740277886,1450.185686007142
0.282136849190834,57.30375085026026,138.4143358580768
0.265406638570562,166.54917455650866,373.00997652392834
0.266131519113721,970.4797018375248,2380.896120131947
0.0324378103210962,123.60970441997051,3.051388740539551
0.0127755120206423,20.85884227231145,8.931354283355176
0.0432842736472937,1228.3149236887693,928.5547114834189
0.0448607503586102,970.131155103445,811.3132712729275
0.296998420632332,1499.1241061538458,2124.41763038747
0.31510663922163,1031.0333148688078,1025.5564092621207
0.264418668330003,229.35198274068534,529.3695560693741
0.25356793113712,98.5931772403419,203.02814892306924
0.230871320503896,96.7502666413784,108.89628225378692
0.345995917837598,127.83324049599469,97.06693437695503
0.249440440772559,724.7487165629864,955.5163105987012
0.603443476553652,786.4649272561073,895.8346113935113
0.0203640383903321,308.1628637164831,95.02715195529163
0.107892551450484,268.2347533777356,186.5900483634323
0.580674528589719,275.35816718265414,383.5003714710474
0.314794794152324,268.2167363278568,130.1517038391903
0.286828377891005,327.0481054764241,294.73920751549304
0.0888018125846481,53.36185631528497,36.40684963576496
0.00984992401093176,9.958902098238468,0.0
0.24415627869122,364.88652992248535,451.6168600078672
0.305359121225399,249.68588700145483,208.2421754570678
0.020188336652872,123.5585555024445,19.15048488229513
0.00457430831348557,133.153618440032,49.87963176891208
0.674942614353269,39.989930735901,12.287711683660746
0.0281028379221663,602.4654611796141,506.76456916332245
0.262175854376191,1188.7834616750479,1614.84182764031
0.277844788379573,1056.3565793037415,990.9596154438332
0.409464659161819,2009.1416665315628,2872.380560248159
0.0975338794076748,85.67402406036854,156.41158842295408
0.495705578164727,134.40851733088493,225.47759145870805
0.127722881990691,166.16358346678317,83.05018933676183
0.365094367851296,428.97013618052006,651.719989862293
0.393605254744697,644.7919793277979,447.0543036693707
0.0511178464325939,838.5184342339635,1623.791231422685
0.0865966711536436,492.392445191741,476.63507801666856
0.0148782997103277,218.9439677260816,209.43611310329288
0.640429124197643,281.1729353889823,443.7147020669654
0.277969553409846,228.04572312161326,206.47459830436856
0.00413961750213871,494.0854692347348,641.6422801883891
0.303523140927474,143.74100365117192,236.6925253244117
0.296793787327097,70.20028047077358,135.34513756260276
0.252422396467228,885.7376215644181,1171.5029021892697
0.204708997769198,248.93203086778522,84.44567315746099
0.290669376077435,2.1489477790892124,0.0
0.0249039060688359,882.8504687696695,880.2650047559291
0.00378122887525434,504.0557394698262,309.3868779875338
0.328155104083067,1636.359137237072,1470.098984733224
0.368140331193045,9389.959308326244,12205.615364965051
0.54198836451355,1181.5411849692464,1310.798248168081
0.084285177266783,449.8156078495085,323.8858394883573
0.1269903397239,169.0442665219307,197.86390233039856
0.197529949229535,124.09083288908005,35.44428142160177
0.0246913087894837,62.13902479968965,0.5012717247009277
0.153333429431124,209.92014886811376,75.34733657445759
0.413146943889436,522.079357624054,275.9231281578541
0.661617308465903,10424.330549910665,16707.63570830319
0.41217382552112,1529.0246252566576,466.0568320341408
0.509021848947834,470.3806607797742,1166.231407014653
0.162936362193596,812.8344748206437,1130.976743420586
0.515910143706558,172.62499464675784,84.4463353306055
0.477021545735066,517.6727905347943,827.2014175001532
0.29067571519293,202.3093962110579,308.3379469634965
0.0109148952861616,15.793181549757719,11.374634133651853
0.0788527794559565,716.3975659459829,752.2692851508036
0.280270939495538,364.2816159017384,102.08556802850217
0.013649608436851,40.20708969607949,20.41182667762041
0.0279948813755462,675.0565947666764,895.6977379471064
0.50462839869931,1522.3797433674335,1201.9975292813033
0.433979025404772,3258.847447901964,5322.547590980306
0.00042460831561866,1005.0812047123909,770.7578395027667
0.331818672304975,232.23181207850575,102.40622370596975
0.308980665453947,194.16206170246005,165.69377704616636
0.00851840742007416,280.0649614855647,223.34154631011188
0.448448980873341,391.943070307374,460.3867453690618
0.421417085251261,335.8841816931963,178.0936272535473
0.0716624577067416,221.8393043167889,156.20509584620595
0.387761399699317,412.57968239858747,399.81928694434464
0.000907869491835019,191.0868998132646,163.47722471877933
0.255495822393484,339.9450511075556,364.9699673447758
0.282527220501265,875.1403470896184,1612.8484411714599
0.00388625118778504,98.49970376864076,0.0
0.212290999780291,0.0,0.0
0.00629278225061571,2.7796483039855957,5.279506683349609
0.0598176961533023,1.8652137368917465,56.926525838673115
0.0716023051088137,0.0,0.0
0.0484645650988942,359.93222788721323,287.56375215761364
0.444793577326926,977.3285538554192,977.5877800639719
0.541738537066516,2046.425662174821,2594.357029793784
0.000127200293914414,135.3481345307082,28.80144089460373
0.0929027210359545,67.29112948104739,0.0
0.000925551447807881,59.23545761592686,0.0
0.0312149592947397,101.51243458688259,25.776466347277164
0.00460009061919536,160.6321905851364,91.1901589538902
0.243361020976122,317.6031862832606,514.0474543049932
0.352258926334648,573.0838936939836,961.810631156899
0.365979128427819,449.02151035144925,469.22989590652287
0.104449738678914,224.15588661283255,23.740881487727165
0.299260005599487,443.36925200745463,302.9581273328513
0.350304155042283,285.46972208097577,600.3223674893379
0.00124886437055945,116.49119758978486,77.87849156931043
0.28929099321808,444.46373975276947,327.3286634115502
0.0427453198078304,546.6511790715158,532.008387609385
0.111552633718287,442.1901516020298,4.5497720036655664
0.567150386169005,2191.984500564635,1954.3184357564896
0.000454326313396011,132.50899587199092,42.73750640079379
0.00720527424203878,133.87346556037664,124.55599368363619
0.230117857764989,289.40488708391786,219.81180744059384
0.00085621670723744,164.12287875264883,107.76476535946131
0.283586628654532,400.2040305323899,1064.6742581035942
0.224380187289738,419.28072053194046,359.4660366885364
0.341614161968421,289.71155047416687,567.4460326805711
0.124450973608353,108.00442783161998,77.25341438688338
0.000711686416098688,228.55439266189933,161.07013795152307
0.573884416029767,609.6534578502178,708.7931553954259
0.382311939716156,341.7809603661299,388.27316999062896
0.32384192037304,4073.2475828006864,4234.3734946046025
0.0237508627829754,3.265365481376648,24.591737747192383
0.0159010669577797,341.96190743893385,4.232487659435719
0.49023981712053,5579.375129655004,4917.179541877005
0.00143607402009218,345.8340645469725,241.86791341006756
0.0293238695654653,129.36890676617622,9.46223109960556
0.0128798720398621,121.39685833826661,309.2287571039051
0.168695858603506,213.65284676663578,124.66625170968473
0.246592138951639,404.30785682424903,664.9447653945535
0.049509225666103,184.81539580971003,254.22653536498547
0.0364912705277292,171.2143598459661,89.23388496786356
0.0154443683514033,190.45402732118964,114.63887507468462
0.0347176520393329,222.04027665033937,222.6013382654637
0.161135989761059,112.20450237765908,110.08985695056617
0.167001606179895,261.06336883082986,64.3217297270894
0.321428177598073,623.4965394809842,591.7408293876797
0.275187639190505,319.5080090612173,57.237079901620746
0.19427515992452,170.22429164499044,62.54900020547211
0.774622977377827,326.3972273617983,752.9278085492551
0.216829815690577,78.67399154603481,124.5117172691971
0.152931989015287,126.26206539571285,201.33592832181603
0.275798757507871,324.36250600218773,905.4675061516464
0.0476900065607861,86.69586899504066,181.03643434215337
0.199688060983015,109.83920192718506,1.0439996421337128
0.4581828801966,20411.866248250008,12199.687226423528
0.400555433873969,920.9894273355603,976.2485891915858
0.0623759987097024,149.990135461092,29.059223894029856
0.0897282350698672,319.7128456942737,805.4798788595945
0.00162565254641793,82.58717979677022,35.307462899014354
0.0184119583011629,108.27901007607579,5.203467136248946
0.389671429610952,264.1115799508989,374.24306935817003
0.144055229748386,257.7533325403929,244.8394360821694
0.0437939669978703,270.19320391491055,336.3012020178139
0.327873099876111,744.7273785695434,901.8518857657909
0.275119099390632,375.46338237822056,669.5576420556754
0.00570395225133771,148.7858082614839,17.428451530635357
0.456156174033389,5053.008353203535,7496.629138771445
0.264885329521612,1445.69248149544,2173.642472472042
0.255699850576012,215.22384734079242,489.7912736572325
0.00418082672928859,329.7274984009564,93.15505287889391
0.290035765415453,753.9814952388406,880.5252147037536
0.261718911235914,322.0765364803374,253.32790594920516
0.00314786888773463,224.3110965974629,126.5538965864107
0.55794402151778,0.0,0.0
0.429570927699376,30971.587013483047,50249.53508469602
0.385148467434712,1753.4704261869192,2889.1899749822915
0.329250200706611,425.01626419276,281.31291052885354
0.261871835028046,358.58490040898323,444.8148227445781
0.30543474353056,889.8079410195351,1301.8681493736804
0.099547263051634,217.52981129474938,1162.1120587494224
0.134739418083948,70.48207296058536,144.7638170234859
0.0235482157635882,86.47649370133877,28.850920885801315
0.363263678077535,299.70160949230194,426.0793964918703
0.483484495287425,857.609630625695,1127.985177077353
0.0147367428402523,211.51711622439325,139.7253799289465
0.576070556367054,810.5326874926686,989.9290512138978
0.378585240137756,583.5535484477878,375.79480187408626
0.397077014837478,1448.9315466955304,1517.9243865534663
0.688857744961308,1258.9345452040434,1443.2427521757782
0.0375814656146668,396.49655481800437,587.1789334407076
0.295787803227813,973.7857406064868,1399.8254120955244
0.255906089871422,668.9666555225849,807.3480988731608
0.013519609591705,715.9569786041975,723.7606718763709
0.333240853553606,1498.9420038163662,2125.388842912391
0.286801971978642,217.07760572433472,115.25470351800323
0.197608398989836,377.667425096035,506.3513404186815
0.388191344536669,1014.2357563227415,1286.243991067633
0.328488175194922,635.6871879063547,1016.3250355254859
0.00250046423488079,164.72028985992074,161.07353093847632
0.288861981706171,232.38768764212728,634.6100014522672
0.444168304537116,121.34135512076318,888.1411410737783
0.00256854649711892,66.68229266628623,56.58320637606084
0.131944276698813,125.28206751868129,79.247374240309
0.11130950653374,235.68515202775598,378.0044814669527
0.677489424613686,363.29701490700245,337.12892623385414
0.414222467465611,1364.1194780021906,1132.0484090354294
0.768747327412457,3889.7649426683784,5349.515923731029
0.103120937661602,271.5976580195129,114.33005461515859
0.15411040029777,241.0127121657133,107.01615279586986
0.24584727001245,506.119129460305,353.3823935287073
0.27149044935943,1946.6826430857182,3078.723602095619
0.0209794585109069,335.5070604160428,242.1694583185017
0.0303315651440296,413.69929783791304,518.4626851091161
0.281345528385772,963.2773823291063,1108.2766381921247
0.325493547748113,1077.0823993086815,1505.0954983811826
0.0170610013883945,580.444500669837,782.9856643807143
0.285934781755778,793.6126562580466,1447.3486961051822
0.5715306293885,628.6005480214953,931.7762376591563
0.148933948731339,1518.6372056156397,2718.3238986264914
0.00825305891416338,395.9020434767008,414.4954692963511
0.325659192551047,815.4046373441815,1766.8229869250208
0.14591255798542,315.45658390782773,2566.6667796075344
0.0014981967564238,165.12942266836762,128.00578498467803
0.409635856003653,140.85763895884156,107.4010246139951
0.393086590801744,991.2088983729482,1378.5580837130547
0.339877315113693,1781.774515196681,1494.013567383401
0.280463475010697,4318.284414887428,3977.901070742868
0.499023579163824,1491.6880088746548,1506.5655410252512
0.683156256380592,2973.083356693387,3459.178057940211
0.278014434909569,617.0300199873745,437.4936255658977
0.267470990615227,7395.156397968531,9997.310129875317
0.216412818662646,448.6877534240484,160.76537066232413
0.0600602058840284,548.31649402529,469.0234921425581
0.315233772553303,1050.4839908331633,1187.0967458877712
0.01911860690696,0.0,0.0
0.263663552430798,119.14192770421505,137.33928137738258
0.163608800912517,1424.9223115444183,1969.0127674676478
0.366737966069507,1983.3389437533915,3093.8295595040545
0.0258348926731651,310.8591211773455,353.15559842437506
0.55846206254681,484.9632582999766,406.1761450842023
0.270115210468953,1583.7154553458095,1447.37045450788
0.368475893790838,4020.60472586751,5119.43025025446
7.01800845569389e-05,624.9286559596658,696.8617651816458
0.205648130221145,408.4221243187785,427.6441802550107
0.443960881987061,4467.892859041691,5985.870582028292
0.186054952062547,4571.248590067029,5220.675324911252
0.710993525219315,3956.3807680159807,5549.913216192275
0.211264907859066,343.544981084764,207.68825517967343
0.221528306954584,657.1436319872737,556.7418026775122
0.236362281286897,1634.9438958317041,2025.2238453458995
0.346441731167765,469.8994711339474,633.8579994989559
0.253766314801213,994.7368622124195,1251.4083765600808
0.373082022417231,3217.5406422019005,3631.806909872219
